WijkenEnBuurten,ID,GeregistreerdeMisdrijven_1
BU00340101,5030,79
BU00340102,5043,54
BU00340201,5069,24
BU00340202,5082,11
BU00340203,5095,31
BU00340204,5108,23
BU00340205,5121,18
BU00340301,5147,15
BU00340302,5160,21
BU00340303,5173,31
BU00340304,5186,2
BU00340401,5212,32
BU00340402,5225,11
BU00340403,5238,30
BU00340501,5264,39
BU00340502,5277,23
BU00340503,5290,15
BU00340504,5303,1
BU00340601,5329,20
BU00340602,5342,61
BU00340603,5355,6
BU00340604,5368,3
BU00340605,5381,1
BU00340606,5394,1
BU00340701,5420,12
BU00340702,5433,7
BU00340703,5446,27
BU00340704,5459,2
BU00340801,5485,21
BU00340802,5498,31
BU00340803,5511,56
BU00340901,5537,7
BU00340902,5550,12
BU00341001,5576,24
BU00341002,5589,1
BU00341003,5602,1
BU00341101,5628,12
BU00341102,5641,28
BU00341401,5667,41
BU00341501,5693,15
BU00341601,5719,3
BU00341602,5732,65
BU00341701,5758,225
BU00341702,5771,568
BU00341703,5784,283
BU00341704,5797,217
BU00341705,5810,464
BU00341801,5836,59
BU00341802,5849,56
BU00341803,5862,42
BU00341804,5875,64
BU00341805,5888,67
BU00341806,5901,42
BU00341807,5914,5
BU00341808,5927,1
BU00341901,5953,42
BU00341902,5966,71
BU00341903,5979,23
BU00341904,5992,12
BU00342001,6018,207
BU00342002,6031,55
BU00342003,6044,27
BU00342004,6057,13
BU00342005,6070,0
BU00342101,6096,41
BU00342102,6109,22
BU00342103,6122,8
BU00342201,6148,81
BU00342202,6161,25
BU00342203,6174,19
BU00342204,6187,52
BU00342205,6200,44
BU00342206,6213,8
BU00342301,6239,24
BU00342302,6252,53
BU00342303,6265,32
BU00342304,6278,43
BU00342401,6304,26
BU00342402,6317,49
BU00342403,6330,30
BU00342404,6343,35
BU00342405,6356,60
BU00342406,6369,40
BU00342407,6382,16
BU00342408,6395,6
BU00342501,6421,44
BU00342502,6434,38
BU00342503,6447,56
BU00342601,6473,17
BU00342602,6486,29
BU00342603,6499,37
BU00342604,6512,67
BU00342605,6525,12
BU00342606,6538,111
BU00342607,6551,44
BU00342608,6564,4
BU00342609,6577,13
BU00342701,6603,119
BU00342702,6616,59
BU00342703,6629,115
BU00342704,6642,76
BU00342705,6655,33
BU00342706,6668,8
BU00342707,6681,11
BU00342708,6694,5
BU00342801,6720,29
BU00342802,6733,30
BU00342803,6746,16
BU00342804,6759,33
BU00342805,6772,38
BU00342806,6785,127
BU00342807,6798,25
BU00342808,6811,83
BU00342809,6824,6
BU00342810,6837,12
BU00342901,6863,83
BU00342902,6876,113
BU00342903,6889,102
BU00342904,6902,37
BU00343001,6928,45
BU00343002,6941,25
BU00343003,6954,45
BU00343004,6967,34
BU00343005,6980,75
BU00343006,6993,3
BU00343007,7006,20
BU00343101,7032,19
BU00343102,7045,7
BU00343103,7058,23
BU00343104,7071,40
BU00343105,7084,18
BU00343201,7110,30
BU00343401,7136,18
BU00343402,7149,9
BU00343403,7162,8
BU00343501,7188,44
BU00343502,7201,20
BU00343601,7227,8
BU00343701,7253,49
BU00343702,7266,69
BU00343801,7292,87
BU00343802,7305,36
BU00343901,7331,15
BU00343902,7344,7
BU00343903,7357,0
BU00344001,7383,5
BU00344002,7396,29
BU00344003,7409,3
BU00344101,7435,180
BU00344102,7448,184
BU00344201,7474,19
BU00344202,7487,30
BU00344203,7500,59
BU00344204,7513,5
BU00344301,7539,15
BU00344302,7552,38
BU00344303,7565,42
BU00344304,7578,1
BU00344401,7604,36
BU00344402,7617,56
BU00344403,7630,8
BU00344501,7656,35
BU00344502,7669,84
BU00344503,7682,13
BU00344504,7695,1
BU00344505,7708,14
BU00344601,7734,58
BU00344602,7747,30
BU00344603,7760,17
BU00344701,7786,48
BU00344702,7799,22
BU00344703,7812,21
BU00344704,7825,21
BU00344801,7851,32
BU00344802,7864,24
BU00344803,7877,43
BU00344804,7890,27
BU00344901,7916,50
BU00344902,7929,22
BU00344903,7942,62
BU00344904,7955,4
BU00345001,7981,26
BU00345002,7994,161
BU00345101,8020,27
BU00345102,8033,30
BU00345103,8046,17
BU00345104,8059,56
BU00345105,8072,2
BU00345201,8098,43
BU00345202,8111,22
BU00345203,8124,34
BU00345204,8137,37
BU00345205,8150,19
BU00345206,8163,27
BU00345207,8176,11
BU00345301,8202,8
BU00345302,8215,2
BU00345601,8241,9
BU00345602,8254,25
BU00345701,8280,34
BU00345702,8293,29
BU00345801,8319,9
BU00345901,8345,6
BU00345902,8358,52
BU00346001,8384,44
BU00346101,8410,57
BU00346102,8423,85
BU00346103,8436,16
BU00346201,8462,33
BU00346202,8475,54
BU00346301,8501,43
BU00346302,8514,45
BU00346303,8527,23
BU00346304,8540,39
BU00346401,8566,72
BU00346501,8592,52
BU00346601,8618,29
BU00346602,8631,67
BU00347101,8657,11
BU00347201,8683,11
BU00347301,8709,4
BU00347401,8735,1
BU00347402,8748,30
BU00347501,8774,8
BU00347502,8787,12
BU00347503,8800,2
BU00347504,8813,0
BU00347601,8839,20
BU00347602,8852,0
BU00347603,8865,38
BU00347604,8878,1
BU00347701,8904,45
BU00347702,8917,52
BU00347703,8930,1
BU00347901,8956,4
BU00348501,8982,0
BU00348502,8995,32
BU00349615,9021,11
BU00590000,1650,111
BU00590001,1663,17
BU00590002,1676,33
BU00590003,1689,22
BU00590004,1702,13
BU00590005,1715,17
BU00590006,1728,6
BU00590007,1741,10
BU00590008,1754,3
BU00590009,1767,0
BU00590100,1793,6
BU00590102,1806,26
BU00590103,1819,12
BU00590107,1832,1
BU00590108,1845,3
BU00590109,1858,6
BU00590200,1884,119
BU00590201,1897,82
BU00590202,1910,25
BU00590203,1923,13
BU00590206,1936,9
BU00590207,1949,5
BU00590208,1962,7
BU00590209,1975,9
BU00600000,11998,34
BU00600001,12011,15
BU00600002,12024,5
BU00600003,12037,12
BU00600007,12050,6
BU00600008,12063,17
BU00600009,12076,4
BU01060000,26272,132
BU01060001,26285,30
BU01060002,26298,180
BU01060003,26311,93
BU01060004,26324,143
BU01060005,26337,310
BU01060006,26350,56
BU01060007,26363,9
BU01060008,26376,46
BU01060009,26389,8
BU01060010,26402,10
BU01060011,26415,15
BU01060012,26428,27
BU01060100,26454,42
BU01060101,26467,31
BU01060102,26480,58
BU01060103,26493,87
BU01060104,26506,15
BU01060105,26519,58
BU01060200,26545,57
BU01060201,26558,20
BU01060202,26571,109
BU01060203,26584,62
BU01060204,26597,3
BU01060205,26610,84
BU01060302,26636,3
BU01060303,26649,4
BU01060304,26662,34
BU01060305,26675,78
BU01060306,26688,13
BU01060307,26701,93
BU01060308,26714,63
BU01060309,26727,36
BU01060310,26740,8
BU01060311,26753,2
BU01060400,26779,1
BU01060401,26792,79
BU01060402,26805,21
BU01060403,26818,12
BU01060500,26844,31
BU01060501,26857,2
BU01060502,26870,16
BU01060503,26883,40
BU01060504,26896,25
BU01060505,26909,7
BU01060506,26922,36
BU01060507,26935,9
BU01060508,26948,11
BU01060509,26961,40
BU01060600,26987,34
BU01060601,27000,27
BU01060602,27013,63
BU01060603,27026,30
BU01060604,27039,10
BU01060700,27065,11
BU01060701,27078,6
BU01060702,27091,2
BU01060703,27104,10
BU01060704,27117,22
BU01060705,27130,14
BU01060706,27143,25
BU01060707,27156,25
BU01060708,27169,34
BU01060709,27182,6
BU01060710,27195,14
BU01060711,27208,6
BU01060712,27221,27
BU01060713,27234,45
BU01060714,27247,20
BU01060715,27260,24
BU01060716,27273,8
BU01060717,27286,39
BU01060800,27312,34
BU01060801,27325,16
BU01060802,27338,10
BU01060803,27351,5
BU01060804,27364,23
BU01060805,27377,9
BU01060806,27390,13
BU01060807,27403,10
BU01060808,27416,3
BU01060809,27429,4
BU01060810,27442,8
BU01060811,27455,19
BU01060812,27468,2
BU01060813,27481,5
BU01060815,27494,9
BU01060816,27507,19
BU01060817,27520,13
BU01060899,27533,2
BU01069900,27559,5
BU01069901,27572,7
BU01069902,27585,2
BU01069903,27598,3
BU01069904,27611,5
BU01069905,27624,2
BU01069906,27637,3
BU01069907,27650,6
BU01069908,27663,2
BU01069909,27676,1
BU01069910,27689,10
BU01069911,27702,61
BU01069912,27715,2
BU01069913,27728,17
BU01069914,27741,10
BU01069915,27754,3
BU01069916,27767,2
BU01069917,27780,7
BU01069918,27793,5
BU01091000,47982,160
BU01091001,47995,37
BU01091002,48008,57
BU01091003,48021,63
BU01091004,48034,28
BU01091006,48047,0
BU01091007,48060,16
BU01091008,48073,28
BU01091009,48086,3
BU01091010,48099,18
BU01091011,48112,11
BU01091012,48125,12
BU01091013,48138,6
BU01091014,48151,9
BU01091015,48164,13
BU01091116,48190,7
BU01091117,48203,18
BU01091218,48229,2
BU01091219,48242,0
BU01091320,48268,1
BU01091421,48294,0
BU01092022,48320,42
BU01092023,48333,32
BU01092024,48346,6
BU01092025,48359,11
BU01092026,48372,10
BU01092027,48385,5
BU01092028,48398,4
BU01092029,48411,1
BU01092030,48424,2
BU01092031,48437,1
BU01093032,48463,19
BU01093033,48476,5
BU01093034,48489,6
BU01093035,48502,6
BU01093036,48515,4
BU01093037,48528,20
BU01093038,48541,6
BU01093039,48554,20
BU01093068,48567,0
BU01094040,48593,37
BU01094041,48606,1
BU01094042,48619,3
BU01094043,48632,8
BU01094044,48645,1
BU01094045,48658,1
BU01094046,48671,6
BU01094047,48684,38
BU01094048,48697,4
BU01094049,48710,2
BU01094050,48723,0
BU01094051,48736,3
BU01094052,48749,0
BU01094053,48762,7
BU01094054,48775,1
BU01094055,48788,2
BU01094056,48801,5
BU01094057,48814,18
BU01095058,48840,2
BU01095059,48853,25
BU01095060,48866,13
BU01095061,48879,4
BU01095062,48892,9
BU01095063,48905,1
BU01095064,48918,11
BU01095065,48931,0
BU01095066,48944,1
BU01095067,48957,5
BU01411000,3938,611
BU01411001,3951,209
BU01411002,3964,63
BU01411003,3977,79
BU01411100,4003,35
BU01411101,4016,37
BU01411102,4029,148
BU01411103,4042,87
BU01411104,4055,122
BU01411105,4068,44
BU01411109,4081,4
BU01411200,4107,47
BU01411201,4120,75
BU01411202,4133,57
BU01411203,4146,23
BU01411204,4159,58
BU01411205,4172,27
BU01411206,4185,29
BU01411209,4198,20
BU01411300,4224,69
BU01411301,4237,45
BU01411302,4250,38
BU01411303,4263,79
BU01411304,4276,13
BU01411305,4289,15
BU01411309,4302,3
BU01411400,4328,35
BU01411401,4341,33
BU01411402,4354,81
BU01411403,4367,70
BU01411404,4380,29
BU01411405,4393,65
BU01411406,4406,8
BU01411409,4419,11
BU01411500,4445,84
BU01411501,4458,84
BU01411502,4471,47
BU01411600,4497,69
BU01411601,4510,31
BU01411602,4523,30
BU01411603,4536,51
BU01411604,4549,92
BU01411605,4562,46
BU01411700,4588,83
BU01411701,4601,43
BU01411702,4614,67
BU01411703,4627,12
BU01411709,4640,15
BU01411800,4666,43
BU01411801,4679,54
BU01411802,4692,71
BU01411803,4705,47
BU01411804,4718,9
BU01411805,4731,80
BU01411806,4744,5
BU01411900,4770,41
BU01411901,4783,22
BU01411902,4796,58
BU01411903,4809,63
BU01411904,4822,8
BU01411905,4835,42
BU01411906,4848,34
BU01411907,4861,54
BU01411908,4874,80
BU01411909,4887,41
BU01411910,4900,15
BU01411920,4913,13
BU01412000,4939,10
BU01412001,4952,31
BU01412100,4978,9
BU01412109,4991,33
BU01470000,41547,56
BU01470001,41560,205
BU01470002,41573,19
BU01470003,41586,47
BU01470004,41599,26
BU01470005,41612,14
BU01470006,41625,48
BU01470007,41638,14
BU01470008,41651,36
BU01470009,41664,162
BU01470100,41690,4
BU01470101,41703,18
BU01470102,41716,22
BU01470105,41729,1
BU01470106,41742,4
BU01480101,49646,47
BU01480102,49659,6
BU01480103,49672,15
BU01480104,49685,28
BU01480105,49698,30
BU01480106,49711,14
BU01480107,49724,15
BU01480108,49737,1
BU01480109,49750,18
BU01480110,49763,4
BU01480111,49776,31
BU01480112,49789,12
BU01480113,49802,1
BU01480114,49815,28
BU01480115,49828,11
BU01480116,49841,5
BU01480117,49854,6
BU01480118,49867,12
BU01480119,49880,19
BU01480201,49906,34
BU01480202,49919,20
BU01480203,49932,16
BU01480204,49945,16
BU01480205,49958,19
BU01480206,49971,5
BU01480207,49984,0
BU01480208,49997,11
BU01480209,50010,1
BU01480210,50023,15
BU01480211,50036,1
BU01480301,50062,10
BU01480302,50075,19
BU01480303,50088,6
BU01480304,50101,3
BU01480305,50114,15
BU01480306,50127,3
BU01500101,52311,562
BU01500102,52324,113
BU01500103,52337,31
BU01500104,52350,25
BU01500105,52363,532
BU01500106,52376,31
BU01500107,52389,79
BU01500201,52415,43
BU01500301,52441,67
BU01500302,52454,83
BU01500303,52467,43
BU01500304,52480,70
BU01500305,52493,55
BU01500306,52506,131
BU01500401,52532,120
BU01500402,52545,93
BU01500403,52558,52
BU01500404,52571,168
BU01500405,52584,77
BU01500406,52597,126
BU01500407,52610,44
BU01500501,52636,141
BU01500502,52649,38
BU01500601,52675,191
BU01500602,52688,81
BU01500603,52701,59
BU01500604,52714,106
BU01500605,52727,74
BU01500606,52740,25
BU01500701,52766,46
BU01500702,52779,153
BU01500703,52792,44
BU01500704,52805,159
BU01500705,52818,89
BU01500706,52831,42
BU01500801,52857,85
BU01500802,52870,45
BU01500803,52883,40
BU01500901,52909,31
BU01500902,52922,39
BU01500903,52935,4
BU01500904,52948,14
BU01500905,52961,39
BU01500906,52974,34
BU01500907,52987,9
BU01501001,53013,84
BU01501002,53026,47
BU01501003,53039,23
BU01501004,53052,105
BU01501005,53065,17
BU01501006,53078,40
BU01501007,53091,18
BU01501008,53104,25
BU01501009,53117,11
BU01501010,53130,0
BU01501101,53156,63
BU01501102,53169,14
BU01501103,53182,10
BU01501201,53208,127
BU01501202,53221,12
BU01501301,53247,3
BU01501401,53273,3
BU01501402,53286,1
BU01501403,53299,14
BU01501501,53325,69
BU01501502,53338,30
BU01501503,53351,12
BU01501504,53364,2
BU01501505,53377,13
BU01970101,1208,0
BU01970102,1221,13
BU01970103,1234,5
BU01970104,1247,15
BU01970105,1260,1
BU01970106,1273,0
BU01970107,1286,2
BU01970108,1299,23
BU01970109,1312,2
BU01970110,1325,15
BU01970111,1338,30
BU01970112,1351,0
BU01970201,1377,8
BU01970202,1390,7
BU01970203,1403,4
BU01970204,1416,14
BU01970301,1442,20
BU01970302,1455,28
BU01970303,1468,8
BU01970304,1481,38
BU01970305,1494,8
BU01970306,1507,8
BU01970307,1520,76
BU01970400,1546,65
BU01970401,1559,26
BU01970402,1572,44
BU01970403,1585,0
BU01970408,1598,6
BU01970409,1611,8
BU02000101,23412,1173
BU02000102,23425,217
BU02000201,23451,155
BU02000202,23464,60
BU02000203,23477,89
BU02000204,23490,89
BU02000205,23503,159
BU02000206,23516,225
BU02000207,23529,12
BU02000301,23555,76
BU02000302,23568,19
BU02000303,23581,56
BU02000304,23594,103
BU02000305,23607,61
BU02000306,23620,36
BU02000307,23633,171
BU02000308,23646,33
BU02000309,23659,44
BU02000310,23672,9
BU02000311,23685,8
BU02000401,23711,203
BU02000402,23724,218
BU02000403,23737,148
BU02000404,23750,76
BU02000405,23763,150
BU02000406,23776,69
BU02000407,23789,26
BU02000408,23802,12
BU02000409,23815,59
BU02000501,23841,139
BU02000502,23854,69
BU02000503,23867,101
BU02000504,23880,66
BU02000505,23893,124
BU02000506,23906,175
BU02000507,23919,13
BU02000508,23932,19
BU02000601,23958,166
BU02000602,23971,68
BU02000603,23984,151
BU02000604,23997,113
BU02000605,24010,78
BU02000606,24023,120
BU02000607,24036,10
BU02000608,24049,3
BU02000701,24075,51
BU02000702,24088,178
BU02000703,24101,99
BU02000704,24114,211
BU02000705,24127,155
BU02000706,24140,64
BU02000707,24153,37
BU02000708,24166,107
BU02000709,24179,40
BU02000801,24205,192
BU02000802,24218,47
BU02000803,24231,53
BU02000804,24244,22
BU02000805,24257,30
BU02000806,24270,167
BU02000807,24283,7
BU02000808,24296,26
BU02000809,24309,18
BU02001001,24335,28
BU02001002,24348,9
BU02001003,24361,21
BU02001004,24374,27
BU02001101,24400,1
BU02001102,24413,6
BU02001103,24426,12
BU02001104,24439,14
BU02001201,24465,26
BU02001202,24478,76
BU02001203,24491,25
BU02001204,24504,66
BU02001301,24530,0
BU02001302,24543,50
BU02001303,24556,43
BU02001401,24582,88
BU02001402,24595,14
BU02001403,24608,24
BU02001404,24621,133
BU02001501,24647,10
BU02001502,24660,6
BU02001503,24673,8
BU02001601,24699,40
BU02001602,24712,13
BU02001603,24725,44
BU02001604,24738,5
BU02001701,24764,9
BU02001702,24777,1
BU02001703,24790,3
BU02001704,24803,17
BU02001705,24816,13
BU02001706,24829,11
BU02020100,24868,718
BU02020101,24881,289
BU02020102,24894,721
BU02020103,24907,62
BU02020104,24920,667
BU02020170,24933,186
BU02020210,24959,246
BU02020211,24972,440
BU02020212,24985,119
BU02020314,25011,88
BU02020320,25024,157
BU02020321,25037,33
BU02020322,25050,260
BU02020338,25063,33
BU02020339,25076,81
BU02020423,25102,116
BU02020424,25115,66
BU02020425,25128,282
BU02020526,25154,220
BU02020527,25167,16
BU02020528,25180,291
BU02020529,25193,52
BU02020630,25219,98
BU02020631,25232,118
BU02020650,25245,57
BU02020732,25271,146
BU02020733,25284,260
BU02020734,25297,55
BU02020735,25310,78
BU02020840,25336,106
BU02020841,25349,40
BU02020842,25362,30
BU02020843,25375,125
BU02020844,25388,61
BU02020845,25401,62
BU02020951,25427,45
BU02020952,25440,109
BU02021053,25466,173
BU02021154,25492,58
BU02021155,25505,40
BU02021159,25518,82
BU02021260,25544,41
BU02021261,25557,314
BU02021262,25570,29
BU02021263,25583,21
BU02021264,25596,38
BU02021269,25609,48
BU02021365,25635,33
BU02021366,25648,17
BU02021367,25661,161
BU02021368,25674,207
BU02021471,25700,74
BU02021473,25713,80
BU02021474,25726,28
BU02021572,25752,46
BU02021579,25765,12
BU02021681,25791,53
BU02021682,25804,194
BU02021780,25830,190
BU02021783,25843,127
BU02021798,25856,69
BU02021815,25882,67
BU02021884,25895,100
BU02021885,25908,187
BU02021886,25921,87
BU02021887,25934,136
BU02021888,25947,93
BU02021989,25973,9
BU02021990,25986,358
BU02021993,25999,212
BU02022092,26025,205
BU02022191,26051,132
BU02022194,26064,146
BU02022197,26077,47
BU02022295,26103,139
BU02022296,26116,176
BU02022316,26142,55
BU02022317,26155,101
BU02022318,26168,136
BU02022319,26181,79
BU02022447,26207,113
BU02022448,26220,122
BU02022449,26233,156
BU02035400,30003,168
BU02035401,30016,249
BU02035402,30029,23
BU02035403,30042,39
BU02035404,30055,41
BU02035405,30068,29
BU02035406,30081,45
BU02035407,30094,20
BU02035408,30107,78
BU02035409,30120,16
BU02035410,30133,39
BU02035411,30146,36
BU02035412,30159,40
BU02035413,30172,13
BU02035414,30185,106
BU02035415,30198,56
BU02035425,30211,37
BU02035426,30224,15
BU02035530,30250,188
BU02035531,30263,57
BU02035532,30276,11
BU02035533,30289,13
BU02035534,30302,9
BU02035535,30315,29
BU02035536,30328,4
BU02035537,30341,21
BU02035538,30354,16
BU02035539,30367,15
BU02035540,30380,10
BU02035541,30393,15
BU02035650,30419,66
BU02035651,30432,22
BU02035652,30445,3
BU02035780,30471,30
BU02035781,30484,23
BU02035875,30510,77
BU02035876,30523,4
BU02035877,30536,0
BU02035960,30562,88
BU02035961,30575,12
BU02036070,30601,17
BU02036071,30614,7
BU02036190,30640,5
BU02036191,30653,16
BU02036265,30679,13
BU02036266,30692,6
BU02036395,30718,6
BU02090100,36880,8
BU02090101,36893,28
BU02090110,36906,1
BU02090111,36919,92
BU02090112,36932,22
BU02090113,36945,3
BU02090114,36958,0
BU02090121,36971,18
BU02090122,36984,2
BU02090123,36997,9
BU02090124,37010,9
BU02090125,37023,2
BU02090126,37036,5
BU02090131,37049,4
BU02090141,37062,32
BU02090142,37075,41
BU02090143,37088,12
BU02090144,37101,29
BU02090145,37114,23
BU02090146,37127,9
BU02090147,37140,3
BU02090151,37153,11
BU02090152,37166,4
BU02090153,37179,6
BU02090154,37192,17
BU02090161,37205,47
BU02090202,37231,6
BU02090203,37244,5
BU02090204,37257,21
BU02090271,37270,13
BU02090272,37283,7
BU02090273,37296,11
BU02090274,37309,3
BU02090275,37322,13
BU02090276,37335,3
BU02090305,37361,7
BU02090306,37374,3
BU02090381,37387,8
BU02090382,37400,32
BU02090383,37413,15
BU02090407,37439,3
BU02090408,37452,13
BU02090409,37465,6
BU02090491,37478,17
BU02130100,44277,12
BU02130101,44290,2
BU02130102,44303,13
BU02130200,44329,6
BU02130300,44355,73
BU02130301,44368,28
BU02130302,44381,18
BU02130303,44394,5
BU02130304,44407,8
BU02130305,44420,2
BU02130306,44433,13
BU02130307,44446,9
BU02130308,44459,0
BU02130309,44472,18
BU02130310,44485,8
BU02130311,44498,1
BU02130312,44511,5
BU02130313,44524,0
BU02130314,44537,14
BU02130315,44550,11
BU02130316,44563,3
BU02130317,44576,20
BU02130400,44602,9
BU02130401,44615,3
BU02130402,44628,1
BU02130500,44654,6
BU02130501,44667,5
BU02130502,44680,3
BU02130600,44706,49
BU02130601,44719,23
BU02130602,44732,39
BU02130603,44745,13
BU02130604,44758,7
BU02130605,44771,49
BU02130606,44784,10
BU02130607,44797,1
BU02130608,44810,5
BU02130609,44823,12
BU02130610,44836,11
BU02140000,45850,10
BU02140001,45863,12
BU02140002,45876,14
BU02140003,45889,4
BU02140004,45902,8
BU02140006,45915,1
BU02140007,45928,5
BU02140008,45941,1
BU02140009,45954,25
BU02140100,45980,45
BU02140101,45993,3
BU02140109,46006,30
BU02140200,46032,15
BU02140201,46045,24
BU02140202,46058,1
BU02140206,46071,20
BU02140207,46084,12
BU02140208,46097,1
BU02140209,46110,5
BU02140300,46136,60
BU02140301,46149,9
BU02140305,46162,8
BU02140306,46175,28
BU02140307,46188,7
BU02140308,46201,8
BU02140400,46227,18
BU02140402,46240,5
BU02140408,46253,9
BU02140409,46266,5
BU02140500,46292,60
BU02140501,46305,11
BU02140502,46318,17
BU02140503,46331,1
BU02140507,46344,5
BU02140508,46357,63
BU02140509,46370,11
BU02140600,46396,1
BU02140608,46409,0
BU02140609,46422,7
BU02160000,49347,107
BU02160001,49360,14
BU02160002,49373,43
BU02160003,49386,12
BU02160004,49399,70
BU02160005,49412,43
BU02160006,49425,13
BU02160007,49438,41
BU02160008,49451,47
BU02160009,49464,109
BU02160010,49477,5
BU02160100,49503,36
BU02160101,49516,50
BU02160102,49529,36
BU02160103,49542,43
BU02160104,49555,45
BU02160105,49568,29
BU02160106,49581,49
BU02160107,49594,10
BU02160108,49607,43
BU02210100,56016,95
BU02210101,56029,25
BU02210102,56042,31
BU02210103,56055,52
BU02210104,56068,40
BU02210105,56081,16
BU02210106,56094,11
BU02210107,56107,0
BU02210108,56120,25
BU02210109,56133,0
BU02210110,56146,1
BU02220101,56185,295
BU02220102,56198,9
BU02220103,56211,35
BU02220104,56224,77
BU02220105,56237,64
BU02220106,56250,57
BU02220201,56276,58
BU02220202,56289,54
BU02220203,56302,3
BU02220204,56315,90
BU02220205,56328,40
BU02220206,56341,17
BU02220208,56354,3
BU02220301,56380,14
BU02220302,56393,13
BU02220303,56406,28
BU02220401,56432,71
BU02220402,56445,14
BU02220403,56458,18
BU02220404,56471,11
BU02220405,56484,75
BU02220406,56497,5
BU02220407,56510,3
BU02220408,56523,7
BU02220501,56549,113
BU02220502,56562,82
BU02220503,56575,62
BU02220504,56588,4
BU02220505,56601,83
BU02220601,56627,45
BU02220602,56640,72
BU02220603,56653,68
BU02220604,56666,34
BU02220605,56679,34
BU02220606,56692,38
BU02220607,56705,22
BU02220608,56718,20
BU02220609,56731,0
BU02220702,56757,9
BU02220703,56770,11
BU02220704,56783,7
BU02220705,56796,25
BU02220706,56809,12
BU02220707,56822,6
BU02220708,56835,27
BU02220709,56848,10
BU02220710,56861,10
BU02220711,56874,6
BU02220712,56887,4
BU02220713,56900,16
BU02220801,56926,16
BU02220802,56939,23
BU02220803,56952,0
BU02220804,56965,4
BU02220901,56991,3
BU02220902,57004,12
BU02220903,57017,4
BU02220904,57030,43
BU02220905,57043,115
BU02220906,57056,35
BU02220907,57069,4
BU02220908,57082,8
BU02220909,57095,2
BU02220911,57108,2
BU02221101,57134,13
BU02221102,57147,29
BU02221103,57160,6
BU02221104,57173,41
BU02221105,57186,1
BU02221106,57199,3
BU02221107,57212,2
BU02223101,57238,57
BU02223102,57251,1
BU02223103,57264,4
BU02223104,57277,5
BU02223105,57290,3
BU02223106,57303,1
BU02223107,57316,3
BU02223108,57329,1
BU02223109,57342,0
BU02223110,57355,6
BU02223111,57368,8
BU02223112,57381,27
BU02223113,57394,5
BU02250001,61294,3
BU02250101,61320,6
BU02250102,61333,14
BU02250103,61346,23
BU02250104,61359,9
BU02250105,61372,37
BU02250106,61385,17
BU02250107,61398,7
BU02250108,61411,9
BU02250109,61424,20
BU02250110,61437,3
BU02250201,61463,6
BU02250202,61476,32
BU02250203,61489,29
BU02250204,61502,12
BU02250205,61515,5
BU02250301,61541,12
BU02250302,61554,37
BU02250303,61567,2
BU02250401,61593,23
BU02250402,61606,20
BU02250501,61632,9
BU02250502,61645,18
BU02250601,61671,6
BU02250602,61684,17
BU02250603,61697,4
BU02260101,61736,179
BU02260201,61762,37
BU02260301,61788,73
BU02260302,61801,80
BU02260303,61814,49
BU02260304,61827,30
BU02260305,61840,11
BU02260306,61853,6
BU02260307,61866,15
BU02260308,61879,17
BU02260401,61905,49
BU02260402,61918,70
BU02260501,61944,29
BU02260601,61970,11
BU02280101,63439,492
BU02280102,63452,25
BU02280103,63465,25
BU02280104,63478,54
BU02280105,63491,237
BU02280201,63517,41
BU02280202,63530,97
BU02280203,63543,101
BU02280204,63556,71
BU02280205,63569,50
BU02280206,63582,81
BU02280301,63608,81
BU02280302,63621,89
BU02280303,63634,124
BU02280305,63647,97
BU02280306,63660,47
BU02280307,63673,35
BU02280401,63699,60
BU02280402,63712,34
BU02280403,63725,47
BU02280501,63751,102
BU02281001,63777,98
BU02281002,63790,115
BU02281003,63803,245
BU02281004,63816,107
BU02281101,63842,85
BU02281102,63855,38
BU02281103,63868,31
BU02281201,63894,11
BU02281202,63907,69
BU02281203,63920,152
BU02281204,63933,32
BU02281301,63959,59
BU02281302,63972,36
BU02281303,63985,7
BU02281304,63998,10
BU02281305,64011,15
BU02281306,64024,11
BU02282031,64050,22
BU02282032,64063,76
BU02282051,64076,106
BU02283001,64102,65
BU02283002,64115,66
BU02283003,64128,82
BU02283004,64141,55
BU02283031,64154,36
BU02283051,64167,18
BU02284001,64193,87
BU02284002,64206,51
BU02284003,64219,19
BU02284031,64232,40
BU02284032,64245,9
BU02284033,64258,38
BU02284034,64271,32
BU02284051,64284,35
BU02285001,64310,41
BU02285031,64323,21
BU02286001,64349,136
BU02286031,64362,30
BU02287001,64388,33
BU02287002,64401,5
BU02287031,64414,17
BU02287051,64427,4
BU02288001,64453,17
BU02288031,64466,34
BU02288051,64479,18
BU02289001,64505,34
BU02289031,64518,29
BU02289051,64531,39
BU02289052,64544,4
BU02289053,64557,15
BU03030101,60644,3
BU03030102,60657,19
BU03030103,60670,58
BU03030104,60683,36
BU03030105,60696,5
BU03030210,60722,39
BU03030211,60735,12
BU03030212,60748,40
BU03030213,60761,44
BU03030320,60787,222
BU03030321,60800,93
BU03030322,60813,16
BU03030323,60826,19
BU03030324,60839,19
BU03030430,60865,18
BU03030431,60878,11
BU03030432,60891,22
BU03030433,60904,20
BU03030434,60917,15
BU03030435,60930,8
BU03030548,60956,52
BU03030549,60969,3
BU03030550,60982,64
BU03030601,61008,7
BU03030602,61021,40
BU03030603,61034,4
BU03030604,61047,14
BU03030605,61060,46
BU03030606,61073,10
BU03030607,61086,7
BU03030608,61099,12
BU03030609,61112,2
BU03030620,61125,209
BU03030701,61151,8
BU03030702,61164,9
BU03030703,61177,28
BU03030704,61190,25
BU03030705,61203,28
BU03030706,61216,7
BU03030707,61229,0
BU03030708,61242,0
BU03030720,61255,38
BU03070100,12115,283
BU03070101,12128,77
BU03070102,12141,20
BU03070103,12154,97
BU03070104,12167,74
BU03070105,12180,136
BU03070106,12193,111
BU03070107,12206,381
BU03070108,12219,17
BU03070200,12245,117
BU03070202,12258,57
BU03070204,12271,24
BU03070300,12297,78
BU03070301,12310,40
BU03070302,12323,35
BU03070303,12336,72
BU03070304,12349,33
BU03070305,12362,57
BU03070306,12375,111
BU03070307,12388,24
BU03070308,12401,27
BU03070309,12414,7
BU03070401,12440,221
BU03070402,12453,38
BU03070504,12479,85
BU03070505,12492,70
BU03070600,12518,28
BU03070601,12531,92
BU03070603,12544,14
BU03070700,12570,71
BU03070701,12583,138
BU03070702,12596,55
BU03070800,12622,40
BU03070801,12635,68
BU03070803,12648,13
BU03070900,12674,30
BU03070902,12687,53
BU03070903,12700,52
BU03070905,12713,123
BU03070906,12726,10
BU03071000,12752,39
BU03071001,12765,66
BU03071002,12778,97
BU03071003,12791,75
BU03071004,12804,97
BU03071100,12830,21
BU03071101,12843,19
BU03071201,12869,1
BU03071202,12882,58
BU03071203,12895,44
BU03071204,12908,18
BU03071205,12921,16
BU03071300,12947,55
BU03071301,12960,54
BU03071302,12973,24
BU03071400,12999,63
BU03071401,13012,64
BU03071402,13025,52
BU03071403,13038,108
BU03071500,13064,77
BU03071501,13077,56
BU03071502,13090,33
BU03071503,13103,28
BU03071600,13129,36
BU03071601,13142,55
BU03071602,13155,37
BU03071603,13168,11
BU03071700,13194,12
BU03071701,13207,37
BU03071702,13220,19
BU03071703,13233,19
BU03071704,13246,35
BU03071705,13259,17
BU03071706,13272,22
BU03071707,13285,6
BU03071800,13311,78
BU03071801,13324,198
BU03071802,13337,21
BU03071803,13350,36
BU03071804,13363,25
BU03071900,13389,31
BU03071901,13402,23
BU03071902,13415,30
BU03071903,13428,33
BU03071904,13441,30
BU03071905,13454,13
BU03071906,13467,3
BU03072000,13493,28
BU03072001,13506,21
BU03072002,13519,24
BU03072003,13532,31
BU03072004,13545,19
BU03072005,13558,23
BU03072006,13571,5
BU03072007,13584,17
BU03072100,13610,14
BU03072101,13623,16
BU03072102,13636,14
BU03072103,13649,7
BU03072104,13662,19
BU03072105,13675,75
BU03072106,13688,23
BU03072107,13701,24
BU03072108,13714,19
BU03072201,13740,52
BU03072400,13766,67
BU03072402,13779,36
BU03072403,13792,48
BU03072404,13805,48
BU03072405,13818,38
BU03072407,13831,48
BU03072500,13857,77
BU03072501,13870,45
BU03072600,13896,23
BU03072601,13909,43
BU03072602,13922,16
BU03072603,13935,11
BU03072700,13961,1
BU03072701,13974,53
BU03072709,13987,44
BU03072800,14013,27
BU03072801,14026,16
BU03072802,14039,30
BU03072803,14052,23
BU03072804,14065,9
BU03072900,14091,28
BU03072901,14104,126
BU03072902,14117,26
BU03073000,14143,16
BU03073001,14156,25
BU03073100,14182,16
BU03073101,14195,35
BU03073102,14208,23
BU03073103,14221,39
BU03073104,14234,23
BU03073105,14247,4
BU03073106,14260,16
BU03073201,14286,1
BU03073301,14312,17
BU03073302,14325,55
BU03073303,14338,15
BU03073304,14351,2
BU03073401,14377,73
BU03073402,14390,28
BU03073403,14403,112
BU03080000,28534,114
BU03080001,28547,34
BU03080002,28560,14
BU03080003,28573,76
BU03080004,28586,24
BU03080005,28599,64
BU03080006,28612,12
BU03080007,28625,122
BU03080100,28651,34
BU03080101,28664,58
BU03080102,28677,35
BU03080103,28690,90
BU03080104,28703,30
BU03080105,28716,16
BU03080109,28729,15
BU03080200,28755,29
BU03080201,28768,17
BU03080400,28794,136
BU03080401,28807,10
BU03080500,28833,18
BU03080501,28846,24
BU03100101,38141,14
BU03100102,38154,3
BU03100201,38180,55
BU03100202,38193,13
BU03100301,38219,80
BU03100302,38232,9
BU03100303,38245,8
BU03100401,38271,36
BU03100402,38284,128
BU03100505,38310,165
BU03100601,38336,83
BU03100602,38349,89
BU03100603,38362,43
BU03100701,38388,161
BU03100702,38401,7
BU03100703,38414,9
BU03100801,38440,84
BU03100802,38453,217
BU03100803,38466,2
BU03100901,38492,153
BU03100902,38505,26
BU03100903,38518,23
BU03101001,38544,160
BU03101002,38557,59
BU03120000,45538,175
BU03120001,45551,6
BU03120008,45564,39
BU03120009,45577,71
BU03120100,45603,102
BU03120109,45616,15
BU03120200,45642,28
BU03120209,45655,11
BU03130001,45694,87
BU03130002,45707,172
BU03130003,45720,14
BU03130004,45733,44
BU03130005,45746,50
BU03130006,45759,58
BU03130007,45772,29
BU03130008,45785,20
BU03130009,45798,19
BU03130011,45811,46
BU03170210,64596,12
BU03170211,64609,0
BU03170212,64622,11
BU03170213,64635,2
BU03170214,64648,28
BU03170215,64661,14
BU03170216,64674,28
BU03170217,64687,74
BU03170218,64700,29
BU03170219,64713,57
BU03580000,1039,199
BU03580001,1052,269
BU03580004,1065,159
BU03580005,1078,36
BU03580100,1104,154
BU03580200,1130,41
BU03580201,1143,141
BU03580205,1156,195
BU03580206,1169,28
BU03610100,2924,161
BU03610101,2937,50
BU03610102,2950,63
BU03610103,2963,47
BU03610104,2976,60
BU03610105,2989,139
BU03610106,3002,76
BU03610107,3015,13
BU03610108,3028,45
BU03610109,3041,42
BU03610200,3067,55
BU03610201,3080,116
BU03610202,3093,27
BU03610203,3106,110
BU03610204,3119,74
BU03610205,3132,17
BU03610206,3145,26
BU03610208,3158,48
BU03610209,3171,36
BU03610300,3197,98
BU03610301,3210,76
BU03610302,3223,138
BU03610303,3236,145
BU03610308,3249,35
BU03610309,3262,37
BU03610400,3288,109
BU03610401,3301,168
BU03610402,3314,45
BU03610403,3327,69
BU03610404,3340,38
BU03610409,3353,164
BU03610500,3379,149
BU03610501,3392,42
BU03610502,3405,185
BU03610503,3418,61
BU03610600,3444,92
BU03610601,3457,41
BU03610602,3470,71
BU03610603,3483,101
BU03610604,3496,315
BU03610700,3522,68
BU03610701,3535,77
BU03610702,3548,38
BU03610703,3561,34
BU03610704,3574,55
BU03610709,3587,2
BU03610800,3613,621
BU03610801,3626,345
BU03610802,3639,385
BU03610803,3652,204
BU03610900,3678,9
BU03610901,3691,3
BU03610902,3704,40
BU03610903,3717,28
BU03610904,3730,13
BU03610905,3743,6
BU03610906,3756,11
BU03611000,3782,0
BU03611001,3795,15
BU03611002,3808,8
BU03611003,3821,77
BU03611004,3834,3
BU03611005,3847,8
BU03611006,3860,2
BU03611100,3886,39
BU03611101,3899,49
BU03620101,14442,64
BU03620102,14455,106
BU03620201,14481,57
BU03620202,14494,89
BU03620301,14520,111
BU03620302,14533,65
BU03620303,14546,59
BU03620304,14559,137
BU03620401,14585,463
BU03620501,14611,87
BU03620502,14624,49
BU03620601,14650,86
BU03620602,14663,61
BU03620603,14676,98
BU03620604,14689,79
BU03620701,14715,69
BU03620702,14728,11
BU03620801,14754,64
BU03620802,14767,87
BU03620803,14780,83
BU03620804,14793,127
BU03620805,14806,134
BU03620806,14819,138
BU03620901,14845,81
BU03620902,14858,54
BU03620903,14871,23
BU03620904,14884,69
BU03620905,14897,72
BU03621001,14923,62
BU03621002,14936,64
BU03621003,14949,56
BU03621004,14962,57
BU03621005,14975,61
BU03621101,15001,165
BU03621102,15014,26
BU03621103,15027,24
BU03621104,15040,46
BU03621105,15053,38
BU03621106,15066,93
BU03621201,15092,84
BU03621202,15105,35
BU03621203,15118,55
BU03621204,15131,25
BU03621301,15157,64
BU03621302,15170,56
BU03621401,15196,171
BU03621402,15209,30
BU0363AA01,15248,18
BU0363AA02,15261,134
BU0363AA03,15274,136
BU0363AA04,15287,10
BU0363AA05,15300,302
BU0363AA06,15313,269
BU0363AB01,15339,90
BU0363AB02,15352,129
BU0363AB03,15365,156
BU0363AB04,15378,124
BU0363AB05,15391,191
BU0363AB06,15404,31
BU0363AB07,15417,229
BU0363AB08,15430,61
BU0363AB09,15443,240
BU0363AB10,15456,420
BU0363AB11,15469,64
BU0363AC01,15495,126
BU0363AC02,15508,250
BU0363AC03,15521,475
BU0363AC04,15534,212
BU0363AD01,15560,1882
BU0363AD02,15573,307
BU0363AD03,15586,463
BU0363AD04,15599,306
BU0363AD05,15612,743
BU0363AD06,15625,531
BU0363AD07,15638,445
BU0363AD08,15651,242
BU0363AE01,15677,553
BU0363AE02,15690,1283
BU0363AE03,15703,657
BU0363AE04,15716,364
BU0363AE05,15729,185
BU0363AF01,15755,293
BU0363AF02,15768,194
BU0363AF03,15781,277
BU0363AF04,15794,198
BU0363AF05,15807,211
BU0363AF06,15820,274
BU0363AF07,15833,97
BU0363AF08,15846,163
BU0363AF09,15859,283
BU0363AG01,15885,225
BU0363AG02,15898,439
BU0363AG03,15911,806
BU0363AG04,15924,218
BU0363AG05,15937,250
BU0363AG06,15950,263
BU0363AH01,15976,236
BU0363AH02,15989,574
BU0363AH03,16002,207
BU0363AH04,16015,81
BU0363AH05,16028,311
BU0363AH06,16041,231
BU0363AH07,16054,139
BU0363AH08,16067,122
BU0363AJ01,16093,297
BU0363AJ02,16106,323
BU0363AJ03,16119,541
BU0363AJ04,16132,38
BU0363AK01,16158,123
BU0363AK02,16171,83
BU0363AK03,16184,91
BU0363AK04,16197,200
BU0363AK05,16210,187
BU0363AK06,16223,55
BU0363AK07,16236,163
BU0363AK08,16249,96
BU0363BA01,16275,50
BU0363BA02,16288,64
BU0363BA03,16301,33
BU0363BA04,16314,12
BU0363BA05,16327,33
BU0363BA06,16340,40
BU0363BB01,16366,64
BU0363BB02,16379,27
BU0363BB03,16392,46
BU0363BB04,16405,23
BU0363BB05,16418,7
BU0363BB06,16431,43
BU0363BB07,16444,37
BU0363BB08,16457,203
BU0363EA01,16483,372
BU0363EA02,16496,71
BU0363EA03,16509,101
BU0363EB01,16535,47
BU0363EB02,16548,11
BU0363EB03,16561,1
BU0363EB04,16574,104
BU0363EB05,16587,96
BU0363EB06,16600,72
BU0363EB07,16613,164
BU0363EB08,16626,101
BU0363EB09,16639,278
BU0363EB10,16652,61
BU0363EC01,16678,143
BU0363EC02,16691,15
BU0363ED01,16717,190
BU0363ED02,16730,101
BU0363ED03,16743,109
BU0363ED04,16756,191
BU0363EE01,16782,414
BU0363EE02,16795,225
BU0363EE03,16808,139
BU0363EE04,16821,119
BU0363EE05,16834,104
BU0363EE06,16847,176
BU0363EF01,16873,70
BU0363EF02,16886,267
BU0363EG01,16912,79
BU0363EG02,16925,33
BU0363EG03,16938,18
BU0363EG04,16951,45
BU0363EH01,16977,136
BU0363EH02,16990,161
BU0363EH03,17003,57
BU0363EH04,17016,70
BU0363EH05,17029,49
BU0363EH06,17042,103
BU0363EJ01,17068,181
BU0363EJ02,17081,68
BU0363EJ03,17094,277
BU0363EK01,17120,108
BU0363EK02,17133,42
BU0363EK03,17146,118
BU0363EK04,17159,89
BU0363EL01,17185,117
BU0363EL02,17198,173
BU0363EL03,17211,68
BU0363EM01,17237,134
BU0363EM02,17250,230
BU0363EM03,17263,86
BU0363EM04,17276,176
BU0363EN01,17302,48
BU0363EN02,17315,96
BU0363EN03,17328,59
BU0363EN04,17341,74
BU0363EP01,17367,135
BU0363EP02,17380,354
BU0363EQ01,17406,396
BU0363ER01,17432,150
BU0363ER02,17445,197
BU0363ES01,17471,92
BU0363ES02,17484,258
BU0363ES03,17497,165
BU0363ET01,17523,336
BU0363ET02,17536,128
BU0363EU01,17562,161
BU0363EU02,17575,243
BU0363EU03,17588,236
BU0363EV01,17614,87
BU0363EV02,17627,262
BU0363FA01,17653,40
BU0363FA02,17666,34
BU0363FA03,17679,214
BU0363FA04,17692,286
BU0363FA05,17705,62
BU0363FA06,17718,7
BU0363FA07,17731,77
BU0363FA08,17744,941
BU0363FB01,17770,127
BU0363FB02,17783,75
BU0363FB03,17796,195
BU0363FB04,17809,11
BU0363FB05,17822,112
BU0363FB06,17835,164
BU0363FB07,17848,134
BU0363FB08,17861,54
BU0363FC01,17887,269
BU0363FC02,17900,193
BU0363FC03,17913,182
BU0363FD01,17939,145
BU0363FD02,17952,60
BU0363FD03,17965,131
BU0363FD04,17978,336
BU0363FE01,18004,76
BU0363FE02,18017,149
BU0363FE03,18030,379
BU0363FE04,18043,65
BU0363FF01,18069,40
BU0363FF02,18082,102
BU0363FF03,18095,90
BU0363FG01,18121,115
BU0363FG02,18134,128
BU0363FG03,18147,187
BU0363FH01,18173,222
BU0363FH02,18186,339
BU0363FJ01,18212,124
BU0363FJ02,18225,165
BU0363FJ03,18238,210
BU0363FJ04,18251,299
BU0363FK01,18277,429
BU0363FK02,18290,129
BU0363FK03,18303,551
BU0363FK04,18316,88
BU0363FK05,18329,210
BU0363FL01,18355,63
BU0363FL02,18368,117
BU0363FL03,18381,250
BU0363FM01,18407,77
BU0363FM02,18420,227
BU0363FM03,18433,147
BU0363FM04,18446,293
BU0363FM05,18459,77
BU0363FM06,18472,50
BU0363FN01,18498,200
BU0363FN02,18511,256
BU0363FN03,18524,64
BU0363FN04,18537,245
BU0363FP01,18563,83
BU0363FP02,18576,201
BU0363FP03,18589,112
BU0363FP04,18602,417
BU0363FP05,18615,147
BU0363FP06,18628,135
BU0363FQ01,18654,49
BU0363FQ02,18667,74
BU0363FQ03,18680,118
BU0363FQ04,18693,32
BU0363FQ05,18706,104
BU0363FQ06,18719,65
BU0363FQ07,18732,53
BU0363FQ08,18745,21
BU0363FQ09,18758,57
BU0363FQ10,18771,149
BU0363KA01,18797,210
BU0363KA02,18810,109
BU0363KA03,18823,121
BU0363KA04,18836,133
BU0363KA05,18849,174
BU0363KA06,18862,189
BU0363KB01,18888,133
BU0363KB02,18901,93
BU0363KC01,18927,3
BU0363KC02,18940,178
BU0363KC03,18953,165
BU0363KC04,18966,150
BU0363KD01,18992,113
BU0363KD02,19005,315
BU0363KD03,19018,266
BU0363KD04,19031,314
BU0363KD05,19044,163
BU0363KD06,19057,87
BU0363KD07,19070,148
BU0363KD08,19083,268
BU0363KD09,19096,112
BU0363KD10,19109,85
BU0363KE01,19135,256
BU0363KE02,19148,352
BU0363KE03,19161,241
BU0363KE04,19174,568
BU0363KE05,19187,204
BU0363KF01,19213,303
BU0363KF02,19226,223
BU0363KF03,19239,275
BU0363KF04,19252,166
BU0363KG01,19278,95
BU0363KG02,19291,141
BU0363KG03,19304,141
BU0363KH01,19330,33
BU0363KH02,19343,233
BU0363KH03,19356,103
BU0363KH04,19369,103
BU0363KH05,19382,242
BU0363KH06,19395,106
BU0363KJ01,19421,43
BU0363KJ02,19434,160
BU0363KJ03,19447,192
BU0363KJ04,19460,164
BU0363KJ05,19473,125
BU0363KJ06,19486,118
BU0363KK01,19512,166
BU0363KK02,19525,291
BU0363KK03,19538,174
BU0363KK04,19551,148
BU0363KK05,19564,47
BU0363KK06,19577,199
BU0363KL01,19603,157
BU0363KL02,19616,207
BU0363KM01,19642,175
BU0363KM02,19655,76
BU0363KM03,19668,196
BU0363KM04,19681,120
BU0363KM05,19694,11
BU0363KN01,19720,149
BU0363KN02,19733,10
BU0363KP01,19759,571
BU0363KP02,19772,459
BU0363KP03,19785,177
BU0363KP04,19798,288
BU0363KP05,19811,127
BU0363KQ01,19837,33
BU0363KQ02,19850,33
BU0363KQ03,19863,48
BU0363KQ04,19876,284
BU0363KQ05,19889,243
BU0363KQ06,19902,160
BU0363KR01,19928,44
BU0363KR02,19941,237
BU0363KR03,19954,176
BU0363KR04,19967,103
BU0363MA01,19993,78
BU0363MA02,20006,72
BU0363MA03,20019,281
BU0363MA04,20032,185
BU0363MA05,20045,51
BU0363MA06,20058,74
BU0363MA07,20071,93
BU0363MA08,20084,14
BU0363MA09,20097,65
BU0363MA10,20110,119
BU0363MA11,20123,35
BU0363MB01,20149,169
BU0363MB02,20162,774
BU0363MB03,20175,185
BU0363MC01,20201,352
BU0363MC02,20214,164
BU0363MC03,20227,235
BU0363MC04,20240,508
BU0363MD01,20266,180
BU0363MD02,20279,319
BU0363ME01,20305,374
BU0363ME02,20318,442
BU0363ME03,20331,498
BU0363MF01,20357,252
BU0363MF02,20370,193
BU0363MF03,20383,205
BU0363MG01,20409,317
BU0363MG02,20422,18
BU0363MG03,20435,148
BU0363MG04,20448,30
BU0363MH01,20474,9
BU0363MH02,20487,213
BU0363MH03,20500,46
BU0363MH04,20513,27
BU0363MH05,20526,23
BU0363MH06,20539,36
BU0363MJ01,20565,106
BU0363MJ02,20578,42
BU0363MJ03,20591,47
BU0363MJ04,20604,134
BU0363MJ05,20617,193
BU0363MK01,20643,0
BU0363MK02,20656,0
BU0363MK03,20669,0
BU0363MK04,20682,60
BU0363MK05,20695,0
BU0363ML01,20721,98
BU0363ML02,20734,128
BU0363ML03,20747,8
BU0363MM01,20773,80
BU0363MM02,20786,209
BU0363MM03,20799,156
BU0363MM04,20812,327
BU0363MM05,20825,48
BU0363MM06,20838,46
BU0363MM07,20851,84
BU0363MM08,20864,132
BU0363MN01,20890,179
BU0363MN02,20903,115
BU0363MN03,20916,212
BU0363MN04,20929,129
BU0363MN05,20942,89
BU0363MN06,20955,119
BU0363MN07,20968,60
BU0363MN08,20981,43
BU0363MN09,20994,28
BU0363MP01,21020,12
BU0363MP02,21033,7
BU0363MP03,21046,137
BU0363MQ01,21072,109
BU0363MQ02,21085,17
BU0363MQ03,21098,32
BU0363MQ04,21111,89
BU0363MQ05,21124,224
BU0363MQ06,21137,78
BU0363MQ07,21150,131
BU0363NA01,21176,12
BU0363NA02,21189,34
BU0363NA03,21202,44
BU0363NA04,21215,78
BU0363NA05,21228,19
BU0363NA06,21241,62
BU0363NA07,21254,211
BU0363NB01,21280,61
BU0363NB02,21293,75
BU0363NB03,21306,388
BU0363NB04,21319,124
BU0363NB05,21332,137
BU0363NB06,21345,47
BU0363NB07,21358,320
BU0363NC01,21384,45
BU0363NC02,21397,158
BU0363NC03,21410,140
BU0363NC04,21423,122
BU0363ND01,21449,28
BU0363ND02,21462,121
BU0363NE01,21488,122
BU0363NE02,21501,149
BU0363NE03,21514,186
BU0363NE04,21527,231
BU0363NE05,21540,12
BU0363NE06,21553,15
BU0363NF01,21579,11
BU0363NF02,21592,4
BU0363NF03,21605,32
BU0363NF04,21618,13
BU0363NF05,21631,7
BU0363NG01,21657,173
BU0363NG02,21670,183
BU0363NG03,21683,6
BU0363NH01,21709,79
BU0363NH02,21722,96
BU0363NH03,21735,140
BU0363NH04,21748,484
BU0363NH05,21761,122
BU0363NH06,21774,74
BU0363NJ01,21800,25
BU0363NJ02,21813,169
BU0363NJ03,21826,88
BU0363NJ04,21839,22
BU0363NJ05,21852,281
BU0363NJ06,21865,64
BU0363NK01,21891,149
BU0363NK02,21904,143
BU0363NK03,21917,550
BU0363NL01,21943,116
BU0363NL02,21956,16
BU0363NL03,21969,275
BU0363NL04,21982,151
BU0363NM01,22008,68
BU0363NN01,22034,45
BU0363NN02,22047,96
BU0363NP01,22073,181
BU0363NP02,22086,13
BU0363NP03,22099,12
BU0363NQ01,22125,26
BU0363NQ02,22138,11
BU0363NQ03,22151,17
BU0363NQ04,22164,8
BU0363NQ05,22177,58
BU0363NQ06,22190,11
BU0363NQ07,22203,2
BU0363NQ08,22216,1
BU0363NQ09,22229,8
BU0363NQ10,22242,45
BU0363SA01,22268,5
BU0363SA02,22281,37
BU0363SB01,22307,6
BU0363SB02,22320,11
BU0363SB03,22333,28
BU0363SB04,22346,16
BU0363SB05,22359,50
BU0363SB06,22372,13
BU0363SC01,22398,46
BU0363SC02,22411,20
BU0363SC03,22424,114
BU0363SC04,22437,42
BU0363SC05,22450,164
BU0363SC06,22463,31
BU0363SD01,22489,45
BU0363SD02,22502,41
BU0363SD03,22515,146
BU0363SD04,22528,20
BU0363SD05,22541,23
BU0363SD06,22554,12
BU0363SE01,22580,35
BU0363SE02,22593,36
BU0363SE03,22606,33
BU0363SE04,22619,31
BU0363TA01,22645,890
BU0363TA02,22658,136
BU0363TA03,22671,737
BU0363TA04,22684,36
BU0363TA05,22697,163
BU0363TA06,22710,150
BU0363TA07,22723,62
BU0363TB01,22749,325
BU0363TB02,22762,146
BU0363TC01,22788,176
BU0363TC02,22801,189
BU0363TC03,22814,1392
BU0363TC04,22827,30
BU0363TC05,22840,129
BU0363TD01,22866,141
BU0363TD02,22879,168
BU0363TD03,22892,164
BU0363TD04,22905,7
BU0363TE01,22931,82
BU0363TE02,22944,442
BU0363TE03,22957,99
BU0363TF01,22983,87
BU0363TF02,22996,63
BU0363TF03,23009,64
BU0363TG01,23035,91
BU0363TG02,23048,173
BU0363TG03,23061,249
BU0363TH01,23087,22
BU0363TH02,23100,177
BU0363TH03,23113,54
BU0363TH04,23126,38
BU0363TH05,23139,48
BU0363TJ01,23165,183
BU0363TJ02,23178,121
BU0363TJ03,23191,230
BU0363TK01,23217,167
BU0363TK02,23230,47
BU0363TK03,23243,18
BU0363TL01,23269,192
BU0363TL02,23282,97
BU0363TL03,23295,66
BU0363TL04,23308,60
BU0363TM01,23334,150
BU0363TM02,23347,80
BU0363TM03,23360,74
BU0363TM04,23373,103
BU03730101,33422,61
BU03730102,33435,31
BU03730103,33448,21
BU03730104,33461,14
BU03730105,33474,4
BU03730106,33487,10
BU03730107,33500,14
BU03730108,33513,15
BU03730109,33526,29
BU03730110,33539,21
BU03730111,33552,28
BU03730112,33565,8
BU03730113,33578,12
BU03730114,33591,12
BU03730115,33604,2
BU03730116,33617,26
BU03730117,33630,14
BU03730200,33656,52
BU03730300,33682,46
BU03730400,33708,93
BU03730401,33721,9
BU03730402,33734,21
BU03730403,33747,13
BU03730500,33773,35
BU03730501,33786,3
BU03730600,33812,53
BU03730601,33825,6
BU03730602,33838,5
BU03730609,33851,5
BU03730700,33877,77
BU03730701,33890,7
BU03730702,33903,16
BU03730703,33916,11
BU03730704,33929,57
BU03730705,33942,3
BU03730709,33955,2
BU03750000,37517,46
BU03750001,37530,203
BU03750002,37543,96
BU03750003,37556,29
BU03750004,37569,11
BU03750005,37582,26
BU03750100,37608,70
BU03750101,37621,77
BU03750102,37634,18
BU03750200,37660,57
BU03750201,37673,33
BU03750202,37686,82
BU03750300,37712,82
BU03750301,37725,62
BU03750302,37738,87
BU03750303,37751,18
BU03750400,37777,20
BU03750401,37790,10
BU03750500,37816,44
BU03750501,37829,19
BU03750502,37842,7
BU03750600,37868,123
BU03750601,37881,112
BU03750700,37907,57
BU03750701,37920,35
BU03750702,37933,137
BU03750703,37946,37
BU03750800,37972,65
BU03750801,37985,9
BU03750900,38011,282
BU03750901,38024,29
BU03750902,38037,21
BU03751000,38063,36
BU03751001,38076,11
BU03751002,38089,10
BU03751003,38102,20
BU03760101,38999,71
BU03760102,39012,173
BU03760103,39025,11
BU03760104,39038,58
BU03760105,39051,19
BU03760106,39064,4
BU03760107,39077,1
BU03760108,39090,0
BU03760109,39103,3
BU03770000,39142,206
BU03770001,39155,8
BU03770002,39168,15
BU03770003,39181,16
BU03770004,39194,20
BU03770005,39207,10
BU03770009,39220,184
BU03770100,39246,201
BU03770101,39259,11
BU03770109,39272,20
BU03770200,39298,109
BU03770201,39311,35
BU03770202,39324,17
BU03770209,39337,24
BU03770300,39363,33
BU03770309,39376,14
BU03770400,39402,36
BU03770401,39415,27
BU03770402,39428,26
BU03770403,39441,2
BU03770404,39454,35
BU03770409,39467,5
BU03830001,47618,198
BU03830011,47631,76
BU03830101,47657,66
BU03830111,47670,42
BU03830201,47696,135
BU03830211,47709,64
BU03830221,47722,52
BU03830301,47748,48
BU03830311,47761,8
BU03830401,47787,25
BU03830411,47800,49
BU03830421,47813,34
BU03830431,47826,42
BU03830501,47852,36
BU03830511,47865,95
BU03830601,47891,4
BU03830701,47917,47
BU03830711,47930,54
BU03830721,47943,44
BU03840101,53416,50
BU03840102,53429,3
BU03840103,53442,51
BU03840104,53455,31
BU03840105,53468,30
BU03840106,53481,4
BU03840201,53507,119
BU03840202,53520,160
BU03840203,53533,13
BU03840204,53546,40
BU03840205,53559,0
BU03840206,53572,111
BU03840207,53585,84
BU03840208,53598,19
BU03840301,53624,24
BU03840302,53637,31
BU03840303,53650,41
BU03840304,53663,8
BU03840305,53676,22
BU03840306,53689,72
BU03840307,53702,94
BU03840308,53715,23
BU03840401,53741,63
BU03840501,53767,103
BU03840502,53780,114
BU03840503,53793,6
BU03840504,53806,24
BU03840601,53832,88
BU03840602,53845,22
BU03840603,53858,11
BU03840701,53884,8
BU03840702,53897,41
BU03840703,53910,3
BU03840801,53936,27
BU03840802,53949,13
BU03840803,53962,8
BU03840804,53975,0
BU03850001,62919,96
BU03850002,62932,27
BU03850003,62945,16
BU03850004,62958,53
BU03850005,62971,29
BU03850006,62984,1
BU03850007,62997,3
BU03850008,63010,4
BU03850101,63036,7
BU03850201,63062,152
BU03850202,63075,53
BU03850203,63088,29
BU03850204,63101,15
BU03850205,63114,17
BU03850206,63127,20
BU03850207,63140,37
BU03850208,63153,29
BU03850209,63166,39
BU03850210,63179,47
BU03850211,63192,7
BU03850212,63205,36
BU03850301,63231,16
BU03850401,63257,48
BU03850402,63270,30
BU03850501,63296,14
BU03850601,63322,20
BU03850701,63348,14
BU03850801,63374,8
BU03850901,63400,2
BU04820101,2014,21
BU04820102,2027,41
BU04820103,2040,42
BU04820104,2053,9
BU04820105,2066,32
BU04820201,2092,15
BU04820202,2105,15
BU04820203,2118,3
BU04820204,2131,1
BU04820205,2144,22
BU04820206,2157,8
BU04820301,2183,16
BU04820302,2196,5
BU04820303,2209,7
BU04820304,2222,11
BU04820305,2235,25
BU04820306,2248,38
BU04820307,2261,44
BU04820401,2287,26
BU04820402,2300,16
BU04820403,2313,0
BU04820404,2326,13
BU04820501,2352,109
BU04820502,2365,9
BU04820503,2378,17
BU04820601,2404,0
BU04820602,2417,0
BU04820603,2430,0
BU04820604,2443,6
BU04840101,9060,13
BU04840102,9073,0
BU04840103,9086,10
BU04840104,9099,11
BU04840105,9112,35
BU04840106,9125,26
BU04840107,9138,17
BU04840108,9151,66
BU04840109,9164,3
BU04840110,9177,13
BU04840111,9190,10
BU04840201,9216,10
BU04840202,9229,159
BU04840203,9242,22
BU04840204,9255,31
BU04840205,9268,20
BU04840206,9281,56
BU04840207,9294,29
BU04840208,9307,130
BU04840209,9320,29
BU04840210,9333,41
BU04840211,9346,39
BU04840301,9372,19
BU04840302,9385,37
BU04840303,9398,27
BU04840304,9411,13
BU04840305,9424,33
BU04840306,9437,90
BU04840307,9450,15
BU04840401,9476,85
BU04840402,9489,127
BU04840403,9502,52
BU04840404,9515,31
BU04840405,9528,57
BU04840501,9554,75
BU04840502,9567,143
BU04840503,9580,343
BU04840504,9593,53
BU04840505,9606,22
BU04840506,9619,10
BU04840601,9645,68
BU04840602,9658,75
BU04840603,9671,188
BU04840604,9684,50
BU04840605,9697,72
BU04840701,9723,28
BU04840702,9736,16
BU04840801,9762,67
BU04840802,9775,74
BU04840803,9788,21
BU04840804,9801,28
BU04840805,9814,16
BU04840806,9827,31
BU04840807,9840,30
BU04840808,9853,19
BU04840809,9866,32
BU04840810,9879,24
BU04840811,9892,14
BU04840812,9905,21
BU04840813,9918,4
BU04840901,9944,2
BU04843101,9970,1
BU04843102,9983,13
BU04843103,9996,36
BU04843104,10009,31
BU04844501,10035,8
BU04844502,10048,1
BU04844503,10061,10
BU04844504,10074,7
BU04847001,10100,9
BU04847002,10113,5
BU04847003,10126,6
BU04847004,10139,24
BU04847005,10152,93
BU04847006,10165,54
BU04847007,10178,33
BU04847008,10191,35
BU04847009,10204,43
BU04847010,10217,19
BU04847011,10230,88
BU04847012,10243,34
BU04847013,10256,41
BU04847014,10269,20
BU04847015,10282,3
BU04847101,10308,13
BU04847102,10321,14
BU04847103,10334,7
BU04849101,10360,56
BU04849102,10373,12
BU04849103,10386,24
BU04849104,10399,35
BU04849105,10412,19
BU04849401,10438,22
BU04849402,10451,22
BU04849403,10464,39
BU04849404,10477,22
BU04849601,10503,12
BU04849602,10516,30
BU04849603,10529,27
BU04849604,10542,6
BU04890101,28885,128
BU04890102,28898,9
BU04890103,28911,33
BU04890204,28937,80
BU04890205,28950,15
BU04890206,28963,21
BU04890207,28976,25
BU04890308,29002,18
BU04890409,29028,97
BU04890410,29041,6
BU04890511,29067,16
BU04890512,29080,38
BU04890513,29093,11
BU04890614,29119,14
BU04890715,29145,65
BU04890816,29171,41
BU04890817,29184,13
BU04890918,29210,7
BU04890919,29223,21
BU04890920,29236,41
BU04890921,29249,4
BU04890922,29262,15
BU04891023,29288,23
BU04891124,29314,22
BU04891225,29340,20
BU04891226,29353,8
BU04891227,29366,10
BU04891328,29392,16
BU04891429,29418,26
BU04891430,29431,15
BU04891431,29444,48
BU04891432,29457,32
BU04891533,29483,64
BU04891634,29509,95
BU04891735,29535,7
BU04891836,29561,33
BU04891937,29587,23
BU04892039,29613,112
BU04893050,29639,10
BU04893051,29652,12
BU04893052,29665,6
BU04893053,29678,9
BU04893054,29691,12
BU04893160,29717,13
BU04893161,29730,38
BU04893162,29743,16
BU04893163,29756,8
BU04893164,29769,71
BU04895070,29795,32
BU04895071,29808,17
BU04895072,29821,46
BU04895073,29834,3
BU04895074,29847,8
BU04895075,29860,8
BU04895076,29873,12
BU04895077,29886,14
BU04895078,29899,30
BU04895080,29912,4
BU04895081,29925,7
BU04895082,29938,63
BU04895083,29951,7
BU04895084,29964,9
BU04980000,59591,8
BU04980001,59604,1
BU04980002,59617,16
BU04980003,59630,18
BU04980004,59643,19
BU04980005,59656,48
BU04980006,59669,71
BU04980007,59682,18
BU04980008,59695,14
BU04980009,59708,0
BU04980010,59721,6
BU04980100,59747,13
BU04980101,59760,3
BU04980109,59773,5
BU04980200,59799,34
BU04980300,59825,56
BU04980301,59838,22
BU04980306,59851,0
BU04980308,59864,1
BU04980309,59877,7
BU04980400,59903,27
BU04980401,59916,1
BU04980500,59942,14
BU04980600,59968,12
BU04980601,59981,21
BU04980602,59994,15
BU04980700,60020,1
BU05020110,46461,0
BU05020111,46474,14
BU05020112,46487,12
BU05020113,46500,26
BU05020114,46513,1
BU05020115,46526,37
BU05020116,46539,23
BU05020117,46552,23
BU05020118,46565,16
BU05020119,46578,41
BU05020223,46604,58
BU05020224,46617,231
BU05020225,46630,36
BU05020226,46643,12
BU05020227,46656,48
BU05020228,46669,11
BU05020229,46682,26
BU05020332,46708,49
BU05020333,46721,161
BU05020334,46734,33
BU05020335,46747,90
BU05020336,46760,13
BU05020337,46773,13
BU05020338,46786,43
BU05020441,46812,29
BU05020442,46825,127
BU05020443,46838,42
BU05020444,46851,3
BU05020445,46864,11
BU05020446,46877,18
BU05020447,46890,3
BU05020448,46903,23
BU05020449,46916,11
BU05020551,46942,45
BU05020552,46955,44
BU05020553,46968,10
BU05020554,46981,21
BU05020555,46994,11
BU05020556,47007,34
BU05020557,47020,14
BU05020621,47046,9
BU05020622,47059,2
BU05020631,47072,19
BU05020658,47085,5
BU05020659,47098,3
BU05020661,47111,67
BU05020662,47124,73
BU05020663,47137,18
BU05020664,47150,12
BU05020665,47163,38
BU05020666,47176,6
BU05020770,47202,22
BU05020771,47215,31
BU05020772,47228,57
BU05020773,47241,50
BU05020774,47254,27
BU05020775,47267,40
BU05020776,47280,60
BU05020777,47293,60
BU05020778,47306,53
BU05020779,47319,39
BU05020880,47345,8
BU05020881,47358,66
BU05020882,47371,9
BU05020883,47384,26
BU05020884,47397,15
BU05020885,47410,4
BU05020886,47423,23
BU05020887,47436,46
BU05020888,47449,16
BU05020889,47462,24
BU05020991,47488,32
BU05020992,47501,26
BU05020993,47514,25
BU05020994,47527,70
BU05020995,47540,20
BU05020996,47553,1
BU05020997,47566,10
BU05020998,47579,10
BU05031100,50452,5
BU05031101,50465,40
BU05031102,50478,154
BU05031103,50491,91
BU05031104,50504,434
BU05031105,50517,485
BU05031106,50530,91
BU05031107,50543,134
BU05031108,50556,19
BU05031109,50569,209
BU05031200,50595,25
BU05031201,50608,6
BU05031202,50621,28
BU05031203,50634,48
BU05031204,50647,37
BU05031205,50660,49
BU05031206,50673,40
BU05031207,50686,68
BU05031208,50699,22
BU05031300,50725,4
BU05031301,50738,49
BU05031302,50751,45
BU05031303,50764,56
BU05031304,50777,26
BU05031305,50790,104
BU05031306,50803,69
BU05031307,50816,188
BU05031400,50842,79
BU05031401,50855,73
BU05031402,50868,20
BU05031403,50881,32
BU05031404,50894,17
BU05031405,50907,23
BU05031406,50920,39
BU05031407,50933,17
BU05031600,50959,37
BU05031601,50972,52
BU05031602,50985,54
BU05031603,50998,77
BU05031604,51011,10
BU05032200,51037,18
BU05032201,51050,30
BU05032202,51063,76
BU05032203,51076,51
BU05032204,51089,53
BU05032205,51102,2
BU05032300,51128,31
BU05032301,51141,38
BU05032302,51154,10
BU05032303,51167,72
BU05032304,51180,40
BU05032305,51193,10
BU05032400,51219,79
BU05032401,51232,205
BU05032402,51245,64
BU05032403,51258,81
BU05032404,51271,34
BU05032405,51284,218
BU05032406,51297,82
BU05032407,51310,161
BU05032408,51323,17
BU05032500,51349,66
BU05032501,51362,147
BU05032502,51375,62
BU05032503,51388,73
BU05032504,51401,52
BU05032505,51414,85
BU05032506,51427,16
BU05032507,51440,33
BU05032508,51453,73
BU05032509,51466,15
BU05032510,51479,2
BU05032600,51505,7
BU05032700,51531,51
BU05032702,51544,53
BU05032703,51557,45
BU05032704,51570,1
BU05032800,51596,40
BU05032801,51609,53
BU05032802,51622,48
BU05032803,51635,64
BU05032804,51648,4
BU05032805,51661,137
BU05032806,51674,51
BU05032807,51687,9
BU05032808,51700,7
BU05032809,51713,7
BU05032810,51726,35
BU05032900,51752,9
BU05032901,51765,50
BU05032902,51778,57
BU05050100,57693,31
BU05050101,57706,55
BU05050102,57719,38
BU05050103,57732,29
BU05050104,57745,14
BU05050105,57758,63
BU05050106,57771,41
BU05050107,57784,47
BU05050108,57797,305
BU05050109,57810,22
BU05050110,57823,97
BU05050111,57836,22
BU05050112,57849,29
BU05050113,57862,205
BU05050114,57875,81
BU05050200,57901,92
BU05050201,57914,18
BU05050202,57927,52
BU05050203,57940,24
BU05050204,57953,27
BU05050205,57966,80
BU05050206,57979,31
BU05050300,58005,7
BU05050301,58018,46
BU05050302,58031,21
BU05050303,58044,69
BU05050304,58057,54
BU05050305,58070,126
BU05050306,58083,73
BU05050307,58096,160
BU05050400,58122,87
BU05050401,58135,60
BU05050402,58148,20
BU05050403,58161,14
BU05050404,58174,21
BU05050405,58187,89
BU05050406,58200,17
BU05050500,58226,66
BU05050501,58239,33
BU05050502,58252,52
BU05050503,58265,41
BU05050504,58278,19
BU05050505,58291,93
BU05050506,58304,10
BU05050507,58317,32
BU05050508,58330,34
BU05050509,58343,84
BU05050510,58356,9
BU05050600,58382,27
BU05050601,58395,32
BU05050602,58408,30
BU05050603,58421,39
BU05050604,58434,41
BU05050605,58447,36
BU05050606,58460,19
BU05050607,58473,39
BU05050608,58486,59
BU05050700,58512,62
BU05050701,58525,67
BU05050702,58538,51
BU05050703,58551,21
BU05050704,58564,39
BU05050705,58577,54
BU05050706,58590,21
BU05050707,58603,7
BU05050708,58616,10
BU05050709,58629,6
BU05050710,58642,0
BU05050711,58655,0
BU05050800,58681,323
BU05050801,58694,76
BU05050802,58707,25
BU05050900,58733,234
BU05050901,58746,185
BU05050902,58759,60
BU05050903,58772,25
BU05050904,58785,41
BU05050905,58798,23
BU05050906,58811,34
BU05050907,58824,28
BU05050908,58837,49
BU05050909,58850,60
BU05050910,58863,16
BU05051000,58889,1
BU05051001,58902,55
BU05051002,58915,6
BU05051003,58928,4
BU05051004,58941,7
BU05051005,58954,1
BU05051006,58967,148
BU05051007,58980,97
BU05051008,58993,4
BU05051009,59006,39
BU05051010,59019,149
BU05051011,59032,13
BU05051012,59045,2
BU05051013,59058,10
BU05051100,59084,56
BU05051101,59097,50
BU05051102,59110,12
BU05051103,59123,16
BU05051104,59136,2
BU05051105,59149,114
BU05051106,59162,32
BU05051107,59175,31
BU05051108,59188,19
BU05051109,59201,86
BU05051110,59214,18
BU05051111,59227,15
BU05051112,59240,0
BU05051900,59266,56
BU05051901,59279,71
BU05051902,59292,15
BU05051903,59305,13
BU05051904,59318,18
BU05051905,59331,10
BU05051906,59344,3
BU05051907,59357,3
BU05051909,59370,4
BU05051910,59383,40
BU05051911,59396,28
BU05051912,59409,3
BU05051914,59422,46
BU05051915,59435,7
BU05051916,59448,22
BU05051917,59461,23
BU05051918,59474,9
BU05051919,59487,35
BU05059800,59513,7
BU05059801,59526,6
BU05059804,59539,77
BU05059805,59552,4
BU06130101,2482,47
BU06130102,2495,34
BU06130103,2508,0
BU06130104,2521,3
BU06130205,2547,91
BU06130207,2560,3
BU06130308,2586,52
BU06130309,2599,29
BU06130310,2612,45
BU06130311,2625,44
BU06130312,2638,114
BU06130313,2651,18
BU06130414,2677,80
BU06130415,2690,22
BU06130416,2703,45
BU06130417,2716,29
BU06130418,2729,30
BU06130419,2742,22
BU06130420,2755,3
BU06130521,2781,76
BU06130522,2794,13
BU06130623,2820,40
BU06130624,2833,51
BU06130625,2846,9
BU06130626,2859,52
BU06130706,2885,61
BU06540101,41781,7
BU06540102,41794,9
BU06540201,41820,13
BU06540202,41833,19
BU06540203,41846,1
BU06540301,41872,3
BU06540302,41885,0
BU06540401,41911,8
BU06540402,41924,3
BU06540501,41950,102
BU06540502,41963,10
BU06540601,41989,10
BU06540602,42002,1
BU06540701,42028,13
BU06540702,42041,3
BU06540801,42067,16
BU06540802,42080,5
BU06540901,42106,19
BU06540902,42119,9
BU06540903,42132,23
BU06541001,42158,7
BU06541002,42171,2
BU06541101,42197,8
BU06541102,42210,5
BU06541201,42236,13
BU06541202,42249,13
BU06541301,42275,59
BU06541302,42288,9
BU06541401,42314,1
BU06541402,42327,2
BU06541501,42353,60
BU06541502,42366,6
BU07430101,27832,16
BU07430102,27845,28
BU07430103,27858,2
BU07430201,27884,6
BU07430202,27897,28
BU07430301,27923,2
BU07430302,27936,37
BU07430303,27949,37
BU07430401,27975,22
BU07430402,27988,12
BU07430403,28001,2
BU07430404,28014,8
BU07430405,28027,13
BU07430501,28053,10
BU07430502,28066,57
BU07430503,28079,4
BU07430504,28092,7
BU07430601,28118,23
BU07430602,28131,26
BU07430603,28144,113
BU07430701,28170,20
BU07430702,28183,10
BU07430801,28209,27
BU07430802,28222,25
BU07430901,28248,0
BU07431001,28274,7
BU07431002,28287,28
BU07431101,28313,18
BU07440101,28352,60
BU07440102,28365,23
BU07440103,28378,18
BU07440104,28391,6
BU07440105,28404,1
BU07440106,28417,1
BU07440107,28430,77
BU07440201,28456,10
BU07440202,28469,14
BU07440301,28495,1
BU07480000,33994,460
BU07480001,34007,132
BU07480002,34020,234
BU07480003,34033,109
BU07480004,34046,108
BU07480005,34059,98
BU07480006,34072,232
BU07480100,34098,106
BU07480101,34111,68
BU07480102,34124,83
BU07480103,34137,84
BU07480200,34163,314
BU07480201,34176,104
BU07480202,34189,167
BU07480203,34202,194
BU07480204,34215,78
BU07480205,34228,48
BU07480206,34241,21
BU07480208,34254,21
BU07480209,34267,196
BU07480300,34293,176
BU07480301,34306,38
BU07480302,34319,139
BU07480306,34332,45
BU07480308,34345,4
BU07480309,34358,1
BU07480400,34384,78
BU07480401,34397,56
BU07480402,34410,27
BU07480403,34423,30
BU07480404,34436,43
BU07480405,34449,60
BU07480408,34462,86
BU07480409,34475,5
BU07480500,34501,25
BU07480507,34514,2
BU07480508,34527,4
BU07480509,34540,1
BU07530101,36373,137
BU07530201,36399,71
BU07530301,36425,8
BU07530401,36451,33
BU07530501,36477,14
BU07530601,36503,13
BU07530701,36529,53
BU07530801,36555,114
BU07530901,36581,155
BU07531001,36607,170
BU07531101,36633,27
BU07531201,36659,14
BU07531301,36685,52
BU07531401,36711,64
BU07531501,36737,155
BU07531601,36763,26
BU07531701,36789,14
BU07531801,36815,5
BU07531901,36841,32
BU07550000,40312,148
BU07550005,40325,42
BU07550006,40338,28
BU07550007,40351,21
BU07550008,40364,32
BU07550009,40377,5
BU07550100,40403,18
BU07550109,40416,17
BU07570000,42405,373
BU07570001,42418,191
BU07570002,42431,133
BU07570003,42444,98
BU07570004,42457,34
BU07570005,42470,27
BU07570006,42483,19
BU07570007,42496,39
BU07570008,42509,9
BU07570009,42522,8
BU07570100,42548,17
BU07570109,42561,9
BU07570200,42587,49
BU07570206,42600,3
BU07570207,42613,8
BU07570208,42626,10
BU07570209,42639,25
BU07573000,42665,29
BU07573100,42691,15
BU07580001,42730,237
BU07580002,42743,576
BU07580003,42756,117
BU07580004,42769,411
BU07580005,42782,530
BU07580006,42795,1054
BU07580100,42821,351
BU07580101,42834,342
BU07580102,42847,344
BU07580103,42860,146
BU07580104,42873,143
BU07580105,42886,257
BU07580106,42899,70
BU07580107,42912,33
BU07580200,42938,449
BU07580201,42951,226
BU07580202,42964,245
BU07580203,42977,168
BU07580204,42990,27
BU07580205,43003,73
BU07580300,43029,127
BU07580301,43042,246
BU07580302,43055,93
BU07580303,43068,179
BU07580309,43081,77
BU07580400,43107,191
BU07580401,43120,192
BU07580500,43146,118
BU07580501,43159,391
BU07580502,43172,561
BU07580503,43185,295
BU07580504,43198,84
BU07580505,43211,141
BU07580506,43224,290
BU07580507,43237,228
BU07580508,43250,54
BU07580509,43263,72
BU07580600,43289,109
BU07580601,43302,100
BU07580602,43315,97
BU07580603,43328,99
BU07580604,43341,106
BU07580605,43354,33
BU07580606,43367,41
BU07580607,43380,303
BU07580609,43393,11
BU07580700,43419,104
BU07580701,43432,36
BU07580709,43445,28
BU07580800,43471,92
BU07580809,43484,52
BU07580900,43510,259
BU07580909,43523,25
BU07581000,43549,169
BU07581008,43562,5
BU07581009,43575,7
BU07620100,51817,29
BU07620101,51830,186
BU07620102,51843,14
BU07620103,51856,24
BU07620104,51869,31
BU07620105,51882,114
BU07620106,51895,13
BU07620107,51908,21
BU07620108,51921,16
BU07620109,51934,84
BU07620110,51947,40
BU07620111,51960,7
BU07620112,51973,9
BU07620113,51986,40
BU07620114,51999,8
BU07620200,52025,31
BU07620201,52038,48
BU07620300,52064,24
BU07620301,52077,68
BU07620400,52103,50
BU07620401,52116,48
BU07620500,52142,16
BU07620501,52155,21
BU07620600,52181,37
BU07620601,52194,22
BU07620700,52220,11
BU07620701,52233,11
BU07620800,52259,3
BU07620801,52272,14
BU07660101,57433,110
BU07660102,57446,1
BU07660103,57459,80
BU07660104,57472,16
BU07660105,57485,226
BU07660106,57498,47
BU07660107,57511,43
BU07660108,57524,47
BU07660109,57537,85
BU07660110,57550,16
BU07660111,57563,6
BU07660112,57576,5
BU07660113,57589,11
BU07660114,57602,32
BU07660115,57615,1
BU07660216,57641,31
BU07660217,57654,2
BU08880000,30757,457
BU08880001,30770,54
BU08880002,30783,130
BU08880100,30809,8
BU08880101,30822,23
BU08880102,30835,5
BU08880103,30848,2
BU08880109,30861,67
BU08890000,31381,199
BU08890001,31394,109
BU08890008,31407,25
BU08890009,31420,3
BU08890100,31446,31
BU08890101,31459,1
BU08890102,31472,2
BU08890109,31485,12
BU08930110,33110,3
BU08930111,33123,1
BU08930220,33149,3
BU08930221,33162,1
BU08930330,33188,105
BU08930331,33201,22
BU08930332,33214,10
BU08930440,33240,40
BU08930441,33253,46
BU08930550,33279,46
BU08930551,33292,28
BU08930660,33318,21
BU08930661,33331,7
BU08930662,33344,71
BU08930770,33370,3
BU08930771,33383,15
BU08990124,44875,11
BU08990126,44888,44
BU08990134,44901,86
BU08990135,44914,46
BU08990136,44927,14
BU08990144,44940,50
BU08990201,44966,20
BU08990202,44979,8
BU08990203,44992,39
BU08990204,45005,15
BU08990205,45018,43
BU08990207,45031,75
BU08990208,45044,26
BU08990209,45057,19
BU08990225,45070,9
BU08990242,45083,5
BU08990243,45096,3
BU08990314,45122,20
BU08990315,45135,16
BU08990316,45148,34
BU08990317,45161,65
BU08990318,45174,26
BU08990332,45187,2
BU08990333,45200,8
BU08990337,45213,0
BU08990339,45226,15
BU08990340,45239,47
BU08990345,45252,12
BU08990428,45278,18
BU08990429,45291,34
BU08990430,45304,54
BU08990431,45317,17
BU08990438,45330,4
BU08990441,45343,26
BU08990506,45369,33
BU08990510,45382,12
BU08990511,45395,18
BU08990512,45408,91
BU08990513,45421,40
BU08990519,45434,31
BU08990520,45447,13
BU08990521,45460,32
BU08990522,45473,15
BU08990523,45486,31
BU08990527,45499,17
BU16800000,51,56
BU16800009,64,2
BU16800100,90,19
BU16800109,103,8
BU16800200,129,12
BU16800209,142,1
BU16800300,168,5
BU16800309,181,2
BU16800400,207,1
BU16800409,220,1
BU16800500,246,9
BU16800509,259,5
BU16800600,285,7
BU16800609,298,0
BU16800700,324,1
BU16800709,337,0
BU16800800,363,0
BU16800809,376,0
BU16800900,402,0
BU16800909,415,0
BU16801100,441,5
BU16801109,454,1
BU16801200,480,2
BU16801209,493,1
BU16801300,519,2
BU16801309,532,0
BU16801400,558,24
BU16801401,571,1
BU16801409,584,36
BU16801500,610,32
BU16801501,623,1
BU16801509,636,0
BU16801600,662,13
BU16801601,675,0
BU16801609,688,1
BU16801700,714,126
BU16801709,727,16
BU16801800,753,8
BU16801801,766,1
BU16801802,779,6
BU16801809,792,4
BU16801900,818,88
BU16801901,831,0
BU16801902,844,0
BU16801903,857,1
BU16801908,870,25
BU16801909,883,10
BU16802000,909,6
BU16802001,922,6
BU16802008,935,5
BU16802009,948,10
BU16802100,974,3
BU16802101,987,0
BU16802109,1000,13
BU16810001,40455,8
BU16810009,40468,2
BU16810101,40494,5
BU16810102,40507,18
BU16810103,40520,14
BU16810104,40533,15
BU16810109,40546,6
BU16810209,40572,4
BU16810309,40598,3
BU16817901,40624,6
BU16817909,40637,0
BU16818001,40663,14
BU16818002,40676,13
BU16818003,40689,16
BU16818009,40702,1
BU16818109,40728,1
BU16818201,40754,5
BU16818202,40767,15
BU16818203,40780,13
BU16818204,40793,12
BU16818205,40806,1
BU16818206,40819,33
BU16818209,40832,25
BU16818309,40858,1
BU16818409,40884,4
BU16818501,40910,5
BU16818509,40923,2
BU16818601,40949,3
BU16818609,40962,1
BU16818701,40988,4
BU16818709,41001,13
BU16818801,41027,6
BU16818809,41040,9
BU16818909,41066,13
BU16819001,41092,1
BU16819009,41105,19
BU16819109,41131,3
BU16819209,41157,3
BU16819309,41183,3
BU16819409,41209,3
BU16819501,41235,3
BU16819502,41248,0
BU16819503,41261,16
BU16819509,41274,20
BU16819601,41300,3
BU16819609,41313,6
BU16819701,41339,7
BU16819702,41352,43
BU16819703,41365,15
BU16819704,41378,7
BU16819705,41391,6
BU16819709,41404,9
BU16819801,41430,4
BU16819802,41443,3
BU16819803,41456,4
BU16819809,41469,10
BU16819901,41495,5
BU16819909,41508,3
BU17060000,48996,243
BU17060001,49009,14
BU17060002,49022,11
BU17060008,49035,15
BU17060009,49048,233
BU17060100,49074,46
BU17060101,49087,5
BU17060109,49100,3
BU17060200,49126,28
BU17060201,49139,5
BU17060209,49152,7
BU17060300,49178,177
BU17060301,49191,5
BU17060302,49204,33
BU17060308,49217,9
BU17060309,49230,69
BU17060400,49256,28
BU17060409,49269,23
BU17060500,49295,20
BU17060509,49308,0
BU17110153,62009,16
BU17110158,62022,19
BU17110159,62035,35
BU17110160,62048,27
BU17110161,62061,61
BU17110163,62074,3
BU17110165,62087,12
BU17110166,62100,1
BU17110167,62113,17
BU17110264,62139,14
BU17110268,62152,6
BU17110312,62178,11
BU17110313,62191,14
BU17110362,62204,24
BU17110414,62230,1
BU17110415,62243,1
BU17110416,62256,1
BU17110417,62269,43
BU17110418,62282,0
BU17110419,62295,43
BU17110456,62308,7
BU17110520,62334,1
BU17110521,62347,7
BU17110522,62360,13
BU17110523,62373,63
BU17110524,62386,206
BU17110525,62399,65
BU17110526,62412,2
BU17110527,62425,0
BU17110547,62438,0
BU17110548,62451,44
BU17110549,62464,3
BU17110551,62477,6
BU17110554,62490,33
BU17110555,62503,0
BU17110557,62516,4
BU17110569,62529,6
BU17110628,62555,16
BU17110629,62568,3
BU17110630,62581,11
BU17110731,62607,9
BU17110732,62620,87
BU17110733,62633,20
BU17110734,62646,0
BU17110735,62659,90
BU17110750,62672,0
BU17110836,62698,7
BU17110837,62711,10
BU17110938,62737,7
BU17110939,62750,38
BU17110940,62763,32
BU17111041,62789,21
BU17111042,62802,32
BU17111143,62828,40
BU17111144,62841,11
BU17111145,62854,0
BU17111146,62867,1
BU17111152,62880,0
BU17190101,60059,1
BU17190102,60072,4
BU17190103,60085,21
BU17190104,60098,7
BU17190201,60124,13
BU17190202,60137,13
BU17190203,60150,22
BU17190204,60163,30
BU17190205,60176,4
BU17190206,60189,35
BU17190207,60202,46
BU17190208,60215,51
BU17190209,60228,31
BU17190210,60241,48
BU17190301,60267,29
BU17190302,60280,29
BU17190303,60293,17
BU17190304,60306,25
BU17190305,60319,31
BU17190306,60332,8
BU17190307,60345,32
BU17190308,60358,2
BU17190309,60371,11
BU17190401,60397,24
BU17190402,60410,23
BU17190403,60423,17
BU17190501,60449,8
BU17190502,60462,6
BU17190503,60475,14
BU17190504,60488,16
BU17190505,60501,15
BU17190601,60527,13
BU17190602,60540,5
BU17190603,60553,51
BU17190604,60566,14
BU17190605,60579,4
BU17190606,60592,21
BU17190607,60605,24
BU17210101,35593,81
BU17210102,35606,15
BU17210103,35619,8
BU17210104,35632,7
BU17210105,35645,9
BU17210106,35658,10
BU17210107,35671,24
BU17210108,35684,4
BU17210109,35697,28
BU17210110,35710,22
BU17210111,35723,3
BU17210112,35736,16
BU17210113,35749,6
BU17210114,35762,7
BU17210115,35775,18
BU17210116,35788,12
BU17210117,35801,6
BU17210118,35814,16
BU17210119,35827,14
BU17210120,35840,36
BU17210201,35866,35
BU17210202,35879,4
BU17210203,35892,5
BU17210204,35905,21
BU17210205,35918,6
BU17210206,35931,10
BU17210207,35944,4
BU17210208,35957,6
BU17210209,35970,8
BU17210210,35983,11
BU17210211,35996,10
BU17210301,36022,64
BU17210302,36035,7
BU17210303,36048,11
BU17210304,36061,13
BU17210305,36074,9
BU17210306,36087,7
BU17210307,36100,2
BU17210308,36113,23
BU17210309,36126,9
BU17210310,36139,6
BU17210401,36165,8
BU17210402,36178,22
BU17210403,36191,21
BU17210501,36217,23
BU17210502,36230,23
BU17210503,36243,10
BU17210504,36256,13
BU17210505,36269,19
BU17210506,36282,23
BU17210601,36308,17
BU17210602,36321,26
BU17210603,36334,21
BU17230101,10581,7
BU17230102,10594,7
BU17230103,10607,14
BU17230104,10620,3
BU17230105,10633,8
BU17230106,10646,7
BU17230107,10659,27
BU17230201,10685,19
BU17230202,10698,9
BU17230203,10711,7
BU17230204,10724,16
BU17230205,10737,5
BU17230206,10750,5
BU17230207,10763,38
BU17230301,10789,12
BU17230401,10815,12
BU17230402,10828,6
BU17230501,10854,10
BU17230601,10880,5
BU17240001,32239,10
BU17240002,32252,3
BU17240003,32265,16
BU17240004,32278,3
BU17240005,32291,5
BU17240006,32304,20
BU17240007,32317,28
BU17240008,32330,9
BU17240009,32343,4
BU17240010,32356,15
BU17240011,32369,9
BU17240012,32382,1
BU17240013,32395,16
BU17240014,32408,10
BU17240015,32421,6
BU17240016,32434,1
BU17240017,32447,9
BU17240101,32473,3
BU17240201,32499,6
BU17240202,32512,8
BU17240203,32525,8
BU17240204,32538,7
BU17240205,32551,9
BU17240206,32564,8
BU17240207,32577,8
BU17240208,32590,6
BU17240209,32603,0
BU17240210,32616,3
BU17240211,32629,1
BU17240301,32655,0
BU17240302,32668,5
BU17240303,32681,1
BU17240304,32694,5
BU17240306,32707,2
BU17240307,32720,3
BU17240401,32746,6
BU17240402,32759,3
BU17240403,32772,5
BU17240404,32785,5
BU17240405,32798,6
BU17240406,32811,3
BU17240407,32824,0
BU17240408,32837,2
BU17240409,32850,3
BU17240501,32876,14
BU17240502,32889,8
BU17240503,32902,6
BU17240504,32915,1
BU17240505,32928,4
BU17240601,32954,8
BU17240602,32967,2
BU17240603,32980,12
BU17240604,32993,17
BU17240605,33006,33
BU17240606,33019,6
BU17240607,33032,9
BU17240608,33045,8
BU17240609,33058,18
BU17240610,33071,7
BU17280000,38596,77
BU17280001,38609,13
BU17280002,38622,9
BU17280003,38635,42
BU17280004,38648,12
BU17280005,38661,17
BU17280006,38674,76
BU17280007,38687,2
BU17280008,38700,52
BU17280009,38713,36
BU17280100,38739,4
BU17280109,38752,2
BU17280200,38778,29
BU17280201,38791,6
BU17280202,38804,36
BU17280203,38817,10
BU17280204,38830,27
BU17280207,38843,20
BU17280208,38856,23
BU17280209,38869,20
BU17280300,38895,22
BU17280301,38908,4
BU17280309,38921,5
BU17280400,38947,13
BU17280409,38960,6
BU17741010,55249,41
BU17741011,55262,18
BU17741012,55275,6
BU17741013,55288,9
BU17741014,55301,21
BU17741015,55314,21
BU17741017,55327,4
BU17741020,55340,9
BU17741021,55353,5
BU17741050,55366,5
BU17741051,55379,3
BU17741099,55392,9
BU17741110,55418,5
BU17741198,55431,2
BU17741199,55444,7
BU17741210,55470,4
BU17741299,55483,3
BU17741398,55509,1
BU17741399,55522,7
BU17741410,55548,8
BU17741499,55561,27
BU17741510,55587,7
BU17741511,55600,23
BU17741512,55613,5
BU17741513,55626,11
BU17741514,55639,1
BU17741515,55652,5
BU17741516,55665,6
BU17741550,55678,6
BU17741598,55691,3
BU17741599,55704,2
BU17741610,55730,18
BU17741611,55743,8
BU17741612,55756,9
BU17741613,55769,2
BU17741614,55782,1
BU17741650,55795,3
BU17741699,55808,8
BU17741710,55834,16
BU17741799,55847,9
BU17741810,55873,34
BU17741899,55886,44
BU17741910,55912,18
BU17741999,55925,50
BU17742099,55951,3
BU17742199,55977,7
BU18590000,34579,41
BU18590002,34592,19
BU18590003,34605,10
BU18590004,34618,3
BU18590005,34631,1
BU18590006,34644,2
BU18590007,34657,15
BU18590008,34670,42
BU18590009,34683,12
BU18590010,34696,6
BU18590011,34709,24
BU18590012,34722,22
BU18590013,34735,13
BU18590014,34748,2
BU18590015,34761,17
BU18590016,34774,21
BU18590017,34787,2
BU18590018,34800,12
BU18590102,34826,4
BU18590104,34839,13
BU18590105,34852,3
BU18590106,34865,24
BU18590107,34878,16
BU18590108,34891,9
BU18590109,34904,42
BU18590110,34917,21
BU18590111,34930,4
BU18590112,34943,22
BU18590113,34956,9
BU18590114,34969,17
BU18590115,34982,4
BU18590116,34995,63
BU18590117,35008,5
BU18590118,35021,0
BU18590119,35034,39
BU18590120,35047,15
BU18590121,35060,2
BU18590122,35073,5
BU18590123,35086,12
BU18590124,35099,10
BU18590200,35125,10
BU18590206,35138,5
BU18590207,35151,17
BU18590209,35164,2
BU18590301,35190,1
BU18590302,35203,5
BU18590307,35216,17
BU18590308,35229,10
BU18590309,35242,26
BU18590310,35255,17
BU18590311,35268,6
BU18590312,35281,22
BU18590313,35294,0
BU18590314,35307,19
BU18590315,35320,23
BU18590316,35333,20
BU18590317,35346,12
BU18590318,35359,26
BU18590319,35372,18
BU18590405,35398,26
BU18590406,35411,10
BU18590407,35424,3
BU18590408,35437,10
BU18590410,35450,0
BU18590411,35463,10
BU18590412,35476,9
BU18590413,35489,10
BU18590414,35502,18
BU18590415,35515,3
BU18590416,35528,13
BU18590417,35541,11
BU18590418,35554,23
BU18760000,43614,66
BU18760001,43627,5
BU18760002,43640,2
BU18760004,43653,8
BU18760005,43666,7
BU18760006,43679,14
BU18760007,43692,0
BU18760008,43705,7
BU18760009,43718,3
BU18760100,43744,104
BU18760101,43757,7
BU18760102,43770,0
BU18760103,43783,37
BU18760104,43796,10
BU18760105,43809,19
BU18760200,43835,62
BU18760201,43848,5
BU18760202,43861,5
BU18760203,43874,2
BU18760204,43887,3
BU18760207,43900,12
BU18760208,43913,3
BU18760209,43926,18
BU18760300,43952,21
BU18760301,43965,1
BU18760302,43978,5
BU18760303,43991,5
BU18760304,44004,0
BU18760305,44017,7
BU18760306,44030,1
BU18760307,44043,9
BU18760308,44056,3
BU18760309,44069,6
BU18760310,44082,11
BU18760400,44108,11
BU18760401,44121,3
BU18760402,44134,5
BU18760403,44147,34
BU18760404,44160,5
BU18760405,44173,4
BU18760406,44186,13
BU18760407,44199,1
BU18760408,44212,13
BU18760409,44225,3
BU18760410,44238,5
BU18910000,50166,97
BU18910001,50179,14
BU18910002,50192,2
BU18910008,50205,3
BU18910009,50218,2
BU18910100,50244,10
BU18910101,50257,4
BU18910108,50270,2
BU18910109,50283,5
BU18910200,50309,92
BU18910201,50322,68
BU18910202,50335,6
BU18910208,50348,16
BU18910209,50361,2
BU18910300,50387,9
BU18910301,50400,0
BU18910309,50413,5
BU19010101,39506,2
BU19010102,39519,11
BU19010103,39532,51
BU19010104,39545,56
BU19010105,39558,40
BU19010106,39571,6
BU19010201,39597,12
BU19010202,39610,15
BU19010203,39623,4
BU19010204,39636,59
BU19010205,39649,55
BU19010206,39662,106
BU19010207,39675,7
BU19010209,39688,21
BU19010210,39701,32
BU19010211,39714,18
BU19010212,39727,54
BU19010213,39740,17
BU19010214,39753,13
BU19010215,39766,21
BU19010216,39779,28
BU19010217,39792,27
BU19010218,39805,9
BU19010219,39818,15
BU19010220,39831,13
BU19010301,39857,28
BU19010302,39870,28
BU19010401,39896,0
BU19010402,39909,3
BU19010403,39922,3
BU19010404,39935,17
BU19010405,39948,303
BU19010501,39974,10
BU19010502,39987,13
BU19010503,40000,17
BU19010504,40013,24
BU19010505,40026,65
BU19010506,40039,27
BU19010507,40052,57
BU19010508,40065,23
BU19010509,40078,44
BU19010510,40091,0
BU19010511,40104,15
BU19010512,40117,5
BU19010513,40130,1
BU19010514,40143,3
BU19010515,40156,3
BU19010601,40182,1
BU19010602,40195,18
BU19010603,40208,1
BU19010604,40221,1
BU19010701,40247,5
BU19010702,40260,23
BU19010703,40273,16
BU19450000,31524,48
BU19450001,31537,31
BU19450002,31550,10
BU19450003,31563,5
BU19450100,31589,26
BU19450101,31602,30
BU19450102,31615,64
BU19450200,31641,37
BU19450201,31654,10
BU19450300,31680,9
BU19450301,31693,10
BU19450400,31719,2
BU19450500,31745,85
BU19450501,31758,76
BU19450502,31771,23
BU19450503,31784,26
BU19450504,31797,28
BU19450505,31810,66
BU19450506,31823,0
BU19450507,31836,6
BU19450508,31849,122
BU19450509,31862,14
BU19450510,31875,36
BU19450511,31888,15
BU19450600,31914,22
BU19450601,31927,11
BU19450700,31953,3
BU19450701,31966,6
BU19450800,31992,14
BU19450801,32005,0
BU19450802,32018,8
BU19450900,32044,46
BU19450901,32057,34
BU19450902,32070,0
BU19450903,32083,3
BU19450904,32096,0
BU19451000,32122,22
BU19451001,32135,0
BU19451002,32148,33
BU19451100,32174,5
BU19451200,32200,16
BU19540000,30900,168
BU19540001,30913,28
BU19540002,30926,22
BU19540003,30939,38
BU19540009,30952,16
BU19540100,30978,154
BU19540101,30991,10
BU19540102,31004,29
BU19540103,31017,64
BU19540104,31030,3
BU19540200,31056,21
BU19540201,31069,12
BU19540300,31095,76
BU19540301,31108,8
BU19540302,31121,9
BU19540400,31147,40
BU19540401,31160,15
BU19540402,31173,2
BU19540500,31199,48
BU19540501,31212,47
BU19540502,31225,50
BU19540503,31238,8
BU19540504,31251,15
BU19540505,31264,22
BU19540509,31277,18
BU19540600,31303,81
BU19540601,31316,76
BU19540602,31329,12
BU19540603,31342,19
BU19590101,10919,48
BU19590102,10932,28
BU19590103,10945,44
BU19590104,10958,31
BU19590105,10971,22
BU19590106,10984,39
BU19590107,10997,23
BU19590191,11010,1
BU19590192,11023,41
BU19590193,11036,3
BU19590194,11049,20
BU19590201,11075,85
BU19590202,11088,29
BU19590291,11101,22
BU19590301,11127,84
BU19590391,11140,31
BU19590392,11153,3
BU19590401,11179,67
BU19590402,11192,12
BU19590491,11205,151
BU19590492,11218,13
BU19590501,11244,60
BU19590591,11257,2
BU19590592,11270,3
BU19590601,11296,35
BU19590602,11309,71
BU19590603,11322,2
BU19590691,11335,14
BU19590701,11361,41
BU19590791,11374,8
BU19590801,11400,5
BU19590891,11413,2
BU19590901,11439,5
BU19590991,11452,1
BU19591001,11478,26
BU19591002,11491,11
BU19591091,11504,9
BU19591101,11530,49
BU19591191,11543,12
BU19591201,11569,45
BU19591202,11582,32
BU19591203,11595,3
BU19591291,11608,11
BU19591292,11621,10
BU19591301,11647,61
BU19591302,11660,15
BU19591303,11673,14
BU19591391,11686,0
BU19591401,11712,47
BU19591402,11725,51
BU19591403,11738,17
BU19591491,11751,12
BU19591492,11764,17
BU19591501,11790,4
BU19591591,11803,7
BU19591601,11829,11
BU19591691,11842,1
BU19591701,11868,15
BU19591791,11881,1
BU19591801,11907,1
BU19591891,11920,1
BU19591901,11946,23
BU19591991,11959,12
BU19790101,64752,155
BU19790202,64778,23
BU19790203,64791,55
BU19790204,64804,28
BU19790205,64817,2
BU19790221,64830,1
BU19790306,64856,11
BU19790307,64869,39
BU19790308,64882,7
BU19790309,64895,10
BU19790410,64921,21
BU19790411,64934,38
BU19790412,64947,22
BU19790413,64960,11
BU19790414,64973,11
BU19790415,64986,0
BU19800101,54014,23
BU19800102,54027,24
BU19800103,54040,15
BU19800104,54053,3
BU19800105,54066,28
BU19800201,54092,88
BU19800202,54105,42
BU19800203,54118,1
BU19800204,54131,4
BU19800205,54144,31
BU19800301,54170,65
BU19800302,54183,38
BU19800303,54196,20
BU19800304,54209,12
BU19800305,54222,15
BU19800306,54235,2
BU19800401,54261,80
BU19800402,54274,24
BU19800403,54287,41
BU19800404,54300,5
BU19800405,54313,0
BU19800406,54326,16
BU19800407,54339,5
BU19800501,54365,113
BU19800502,54378,29
BU19800503,54391,6
BU19800601,54417,11
BU19800602,54430,8
BU19801001,54456,145
BU19801101,54482,68
BU19801102,54495,25
BU19801201,54521,36
BU19801301,54547,42
BU19801302,54560,95
BU19801303,54573,28
BU19801401,54599,119
BU19801402,54612,47
BU19801501,54638,87
BU19801601,54664,88
BU19801701,54690,118
BU19801801,54716,268
BU19801802,54729,233
BU19801803,54742,61
BU19801901,54768,51
BU19801902,54781,1
BU19801903,54794,10
BU19802001,54820,44
BU19802002,54833,11
BU19802003,54846,27
BU19802004,54859,77
BU19802005,54872,15
BU19802101,54898,44
BU19802102,54911,16
BU19802201,54937,32
BU19802202,54950,30
BU19802301,54976,65
BU19802401,55002,71
BU19802402,55015,23
BU19802403,55028,21
BU19802501,55054,81
BU19802502,55067,82
BU19802503,55080,7
BU19802601,55106,49
BU19802602,55119,25
BU19802701,55145,32
BU19802702,55158,30
BU19802703,55171,45
BU19802801,55197,10
BU19802802,55210,13
